date,ticker,Close,High,Low,Open,Volume,mood_score
2024-04-12,AAPL,175.72027587890625,177.52176704196785,173.39127675717174,173.4410296238906,101593300.0,
2024-04-12,GOOGL,156.9794921875,159.4576498521726,156.39230314278245,157.20840874623565,25329200.0,
2024-04-12,MSFT,418.7033386230469,421.9584854811625,416.58947237839413,420.8370424284517,19232100.0,
2024-04-15,AAPL,171.87841796875,175.7999037342719,171.68930847441092,174.53586805138283,73531800.0,
2024-04-15,GOOGL,154.12315368652344,158.48231785442226,153.85443413456358,158.1041210913814,27136500.0,
2024-04-15,MSFT,410.5059814453125,423.5861130505976,410.297550749642,423.36777871681545,20273500.0,
2024-04-16,AAPL,168.583984375,172.94338974194338,167.47920033817573,170.94284143183614,73711200.0,
2024-04-16,GOOGL,153.6653289794922,154.9093812386726,152.6999432114734,153.45633670421336,20779500.0,
2024-04-16,MSFT,411.4387817382813,415.2298454910269,410.5952462785095,411.42887810136665,16765600.0,
2024-04-17,AAPL,167.21044921875,169.8479889202863,167.21044921875,168.81288329791278,50901200.0,
2024-04-17,GOOGL,154.73023986816406,156.33257973226392,153.84447529646815,154.8795200598381,21763100.0,
2024-04-17,MSFT,408.7195434570313,415.7062108618487,407.22097481991534,414.08855629342435,15855500.0,
2024-04-18,AAPL,166.2549591064453,167.8474456964944,165.7672716683895,167.24031189258443,43122900.0,
2024-04-18,GOOGL,155.26766967773438,156.19325246003623,153.88428416601494,154.6008594858019,19883000.0,
2024-04-18,MSFT,401.2069396972656,408.769230365435,400.8893872722647,407.5187673684452,21029900.0,
2024-04-19,AAPL,164.22454833984375,165.6179626751691,163.30887389276177,165.42886837664992,67772100.0,
2024-04-19,GOOGL,153.35679626464844,155.61599926941918,151.5753202297304,155.45675694613493,32239100.0,
2024-04-19,MSFT,396.095947265625,402.4077746386735,394.7561698730406,400.9687488676842,30276500.0,
2024-04-22,AAPL,165.06060791015625,166.47393259764522,163.9956444231876,164.74211969252124,48116400.0,
2024-04-22,GOOGL,155.536376953125,156.88990631862524,153.3269390890557,153.5757495225213,26446200.0,
2024-04-22,MSFT,397.9219970703125,399.7976914523607,392.7514806878664,397.0486598100797,20286900.0,
2024-04-23,AAPL,166.11561584472656,166.26492000363532,164.14492548116624,164.57291251221173,49537800.0,
2024-04-23,GOOGL,157.5069580078125,158.21358635071638,155.53638354340058,156.21315584791824,21151600.0,
2024-04-23,MSFT,404.48193359375,405.10716505974153,400.0060952402287,401.1771473553241,15734500.0,
2024-04-24,AAPL,168.22567749023438,168.50436038665487,165.4288858023208,165.7573215689687,48251800.0,
2024-04-24,GOOGL,158.37283325195312,158.8107420758396,156.42215263269097,156.74063729958468,22779100.0,
2024-04-24,MSFT,405.9606018066406,409.3447683032301,403.6978782890979,406.4568133700171,15065300.0,
2024-04-25,AAPL,169.09156799316406,169.80818542681567,167.35973999732644,168.73325927633826,50558300.0,
2024-04-25,GOOGL,155.25770568847656,155.74537959003683,150.15211089183458,150.60992875719558,57109700.0,
2024-04-25,MSFT,396.01654052734375,396.8601062584313,385.0899520019121,391.0444908759172,40586500.0,
2024-04-26,AAPL,168.5043487548828,170.53475474394267,168.38490238817732,169.081624768213,44838400.0,
2024-04-26,GOOGL,171.1318359375,173.87871320868138,168.84277660691075,173.5403194325108,64665300.0,
2024-04-26,MSFT,403.2414245605469,409.8708046404864,402.6856699602139,409.04710666417816,29694700.0,
2024-04-29,AAPL,172.6846160888672,175.20272483761752,172.28650201133237,172.555222179483,68169400.0,
2024-04-29,GOOGL,165.3594207763672,168.74325204452023,164.4239062306873,168.25557809024173,45610000.0,
2024-04-29,MSFT,399.2022399902344,403.24140976178137,396.1654273618807,402.1795096483343,19582100.0,
2024-04-30,AAPL,169.52951049804688,174.1676137755898,169.20105955998108,172.51541154910535,65934800.0,
2024-04-30,GOOGL,162.00546264648438,167.3001564313842,161.82632640780892,164.8219988264117,33562900.0,
2024-04-30,MSFT,386.380126953125,399.112934090919,386.2213658866136,398.44799719369325,28781400.0,
2024-05-01,AAPL,168.5043487548828,171.89832652202932,168.31523926242042,168.78303163206596,50383100.0,
2024-05-01,GOOGL,163.080322265625,166.3248050727695,162.31398182603573,163.51823108824746,33493200.0,
2024-05-01,MSFT,391.9476318359375,398.6762601059751,387.3527074474504,389.635268755834,23562500.0,
2024-05-02,AAPL,172.21681213378906,172.60497864880503,170.08687006909776,171.69925171807526,94214900.0,
2024-05-02,GOOGL,165.82717895507812,165.9366561572897,163.1101731735162,164.00588469256783,24294500.0,
2024-05-02,MSFT,394.8256530761719,396.89981398666424,391.6598205584853,394.6470241640002,17709400.0,
2024-05-03,AAPL,182.5181884765625,186.12117099096088,181.80157098826203,185.77280978325868,163224100.0,
2024-05-03,GOOGL,166.44424438476562,167.16081969689057,162.27417880581723,166.7627138644963,34662400.0,
2024-05-03,MSFT,403.5788269042969,404.06510458639696,398.815177316325,399.2320083912343,17446700.0,
2024-05-06,AAPL,180.8560333251953,183.3343214775735,179.5720873686165,181.4930249418685,78569700.0,
2024-05-06,GOOGL,167.30015563964844,167.3399586304374,165.2399977875199,166.66320148373052,21871300.0,
2024-05-06,MSFT,410.4067077636719,410.7937370714025,403.29101993493754,405.6629259733001,16996600.0,
2024-05-07,AAPL,181.5427703857422,184.0310211595987,180.46785941606433,182.58783874817743,77305800.0,
2024-05-07,GOOGL,170.43515014648438,170.94271797332505,167.58875812637166,167.69823532661383,28039700.0,
2024-05-07,MSFT,406.2384948730469,411.5281273047587,405.9903890817075,411.5181933814727,20018200.0,
2024-05-08,AAPL,181.88119506835935,182.20964601288568,180.59724908638577,181.9906787165348,45057100.0,
2024-05-08,GOOGL,168.57406616210938,169.34039143777946,167.93711199783866,168.19586940682248,19569100.0,
2024-05-08,MSFT,407.4294128417969,409.1066104061556,403.6284151762591,405.07737479693975,11792300.0,
2024-05-09,AAPL,183.7025909423828,183.79216432803472,181.25414542501753,181.7020275403552,48983000.0,
2024-05-09,GOOGL,169.15130615234375,169.87782842770906,167.37976174414283,168.58401102643612,15346700.0,
2024-05-09,MSFT,409.1959533691406,409.59291660377954,406.00034935781423,407.45921271703617,14689700.0,
2024-05-10,AAPL,182.43685913085935,184.47001925959685,181.51994258592455,184.280653249985,50759500.0,
2024-05-10,GOOGL,167.84751892089844,169.0418211972959,165.39923266388908,167.2304738812949,29799900.0,
2024-05-10,MSFT,411.59759521484375,412.23276061100023,408.67986853475014,409.8112455392715,13402300.0,
2024-05-13,AAPL,185.6560211181641,186.4732816834413,184.00157793065927,184.8188384959365,72044800.0,
2024-05-13,GOOGL,168.33518981933594,168.47452305757707,163.2196478065062,163.47840519575857,31327600.0,
2024-05-13,MSFT,410.5852966308594,415.1802205470415,407.7072756246173,414.8428003187848,15440200.0,
2024-05-14,AAPL,186.8021545410156,187.66925062518712,185.6659738309724,186.88188838827716,52393600.0,
2024-05-14,GOOGL,169.52947998046875,170.43515363864887,167.99681433185833,168.9622000666333,25127100.0,
2024-05-14,MSFT,413.40380859375,414.3267549073316,408.4317586361448,408.8981987547859,15109300.0,
2024-05-15,AAPL,189.0845184326172,190.01139602124525,186.7423838683229,187.2805836100953,70400000.0,
2024-05-15,GOOGL,171.68914794921875,171.82848118606026,169.69866445937762,169.81810379537313,26948400.0,
2024-05-15,MSFT,420.6317443847656,421.35753100749633,414.8553676108549,415.4817268366252,22239500.0,
2024-05-16,AAPL,189.2041015625,190.4598907547877,189.02471179656044,189.83199615864385,52845200.0,
2024-05-16,GOOGL,173.3511962890625,174.28672593990896,171.86829583867203,172.46543176167918,27867900.0,
2024-05-16,MSFT,418.5538330078125,422.9582208339026,417.91755229509,419.3591433257316,17530100.0,
2024-05-17,AAPL,189.23399353027344,190.17084727488813,188.54630236847427,188.875198802712,41282900.0,
2024-05-17,GOOGL,175.22227478027344,175.43128224723478,172.86355649440316,173.3512152736709,24479300.0,
2024-05-17,MSFT,417.7783203125,420.4726599302369,415.6109428181483,420.0948540596478,15352200.0,
2024-05-20,AAPL,190.40008544921875,191.27714266640717,188.37688635675943,188.6958217839837,44361300.0,
2024-05-20,GOOGL,176.07818603515625,177.91938952957375,175.24218652700162,175.35166373779705,22554400.0,
2024-05-20,MSFT,422.878662109375,424.30037978174784,417.55961512858175,417.778343258253,16272100.0,
2024-05-21,AAPL,191.70570373535156,192.0844205327211,190.2804858058215,190.4499145429012,42309400.0,
2024-05-21,GOOGL,177.00376892089844,177.30232932665308,174.97346704465423,176.05827701539062,16989400.0,
2024-05-21,MSFT,426.5572509765625,430.4645016728894,422.3914951323632,424.36001790160714,21453300.0,
2024-05-22,AAPL,190.2605438232422,192.17412585880135,189.63266445026173,191.625965130265,34648500.0,
2024-05-22,GOOGL,175.54075622558594,176.30708148924128,174.37632512413728,175.79951363051288,17880000.0,
2024-05-22,MSFT,428.0286865234375,429.9077641693655,424.6583193119375,427.60118209872775,18073700.0,
2024-05-23,AAPL,186.25401306152344,190.3602074339564,186.0048504863481,190.34027016979292,51005900.0,
2024-05-23,GOOGL,172.72422790527344,177.4018616117976,172.12707671457434,176.22748350592448,21024900.0,
2024-05-23,MSFT,424.5290832519531,431.090897164325,422.9582395726222,430.46453792464195,17211700.0,
2024-05-24,AAPL,189.3436279296875,189.9416242186365,187.41012383078697,188.1875250894915,36294600.0,
2024-05-24,GOOGL,174.15736389160156,174.93365126217552,172.82372836993727,174.14740175468117,16572500.0,
2024-05-24,MSFT,427.6707763671875,428.565562226306,421.95405016489985,424.71796179341015,11845800.0,
2024-05-28,AAPL,189.3535919189453,192.3535037829733,188.4665737792376,190.8684893929941,52280100.0,
2024-05-28,GOOGL,175.56065368652344,176.42652440990983,173.54031397559726,173.61993514476987,20572200.0,
2024-05-28,MSFT,427.8298645019531,428.3269711402922,424.13138989907134,427.14385491376675,15718000.0,
2024-05-29,AAPL,189.652587890625,191.6060292626522,188.8752018363686,188.9748729541666,53068000.0,
2024-05-29,GOOGL,175.0630340576172,175.99856381955107,173.88865597259235,174.59526917665025,23388700.0,
2024-05-29,MSFT,426.6865234375,428.44627000677747,423.22665032702537,423.22665032702537,15517100.0,
2024-05-30,AAPL,190.6492462158203,191.53626445370173,189.99146851693155,190.12102272627732,49947900.0,
2024-05-30,GOOGL,171.29107666015625,174.38627944367667,170.97259197646454,174.36637035439955,22958700.0,
2024-05-30,MSFT,412.2704162597656,421.8446642438629,411.84288150879064,421.8446642438629,28424800.0,
2024-05-31,AAPL,191.6060333251953,191.92496874276912,189.27387511297837,190.79874896001851,75158300.0,
2024-05-31,GOOGL,171.67919921875,172.23653216033742,168.63376194065896,171.0422451160524,37638900.0,
2024-05-31,MSFT,412.7277526855469,414.3383733012913,402.1692127903504,414.3383733012913,47995300.0,
2024-06-03,AAPL,193.38006591796875,194.33685694398167,191.8751293663799,192.25384615761888,50080500.0,
2024-06-03,GOOGL,172.3460235595703,173.69955303760383,170.3455929752159,171.71901635552842,27459100.0,
2024-06-03,MSFT,411.1270446777344,414.02020882309534,406.553688084388,413.1254229827006,17484700.0,
2024-06-04,AAPL,193.69900512695312,194.66575720064256,192.38341934135104,193.98802704232935,47471400.0,
2024-06-04,GOOGL,172.96307373046875,173.0228009976231,171.07212029758608,172.45550585604707,26879600.0,
2024-06-04,MSFT,413.6623229980469,414.03017705380546,407.30928563189894,410.04337212748766,14348900.0,
2024-06-05,AAPL,195.21389770507812,196.24044634116564,194.2172473626493,194.7454708275224,54156800.0,
2024-06-05,GOOGL,174.57537841796875,175.8094686059924,173.10240953018123,174.36637094531457,22068500.0,
2024-06-05,MSFT,421.5563659667969,421.6259378345122,413.89096003424896,415.3922317370634,16988000.0,
2024-06-06,AAPL,193.82855224609375,195.84179017422775,193.5195930765027,195.03450583879905,41181800.0,
2024-06-06,GOOGL,175.88906860351562,176.30706831231922,174.91373594964054,175.06301613629049,23251000.0,
2024-06-06,MSFT,422.0633850097656,422.848821948627,418.14618249774657,421.5563568996983,14861300.0,
2024-06-07,AAPL,196.23048400878903,196.28031956711487,193.48969558531903,193.99798178181695,53103900.0,
2024-06-07,GOOGL,173.6298828125,177.02364564681855,173.47064048742553,176.2075553066339,19661400.0,
2024-06-07,MSFT,421.3973083496094,423.81323935854607,420.55222098628695,423.73371564550735,13621700.0,
2024-06-10,AAPL,192.47311401367188,196.6391204558344,191.5063619410421,196.24045118441725,97262100.0,
2024-06-10,GOOGL,174.37716674804688,176.41975708694557,172.13530264029285,174.3373180757214,23779200.0,
2024-06-10,MSFT,425.39404296875,425.6028192678221,421.4370934236562,422.2424037753453,14003000.0,
2024-06-11,AAPL,206.45611572265625,206.46609195915696,192.9814138224934,193.00133588013964,172373300.0,
2024-06-11,GOOGL,175.98135375976562,176.20055947666336,173.14166821496,175.5828062037414,21540600.0,
2024-06-11,MSFT,430.1761779785156,430.3153823959729,422.78918087724,423.01786084549974,14551100.0,
2024-06-12,AAPL,212.35629272460935,219.46239922329937,206.20694681699416,206.67537368785207,198134300.0,
2024-06-12,GOOGL,177.14710998535156,179.75764648213246,175.47319211286342,177.60545332869307,27864700.0,
2024-06-12,MSFT,438.5076904296875,440.8341457768561,430.7428874309175,432.8009161252906,22366200.0,
2024-06-13,AAPL,213.5223846435547,216.02397164318225,210.8912282270037,214.0207098376566,97862700.0,
2024-06-13,GOOGL,174.52662658691406,176.10091514486052,174.24764028080844,175.4731883543162,20913300.0,
2024-06-13,MSFT,439.0246887207031,440.8242426789463,436.8274858579273,438.2989324414096,15960600.0,
2024-06-14,AAPL,211.7782440185547,214.44925972841028,210.59222763705992,213.13368913916617,70122700.0,
2024-06-14,GOOGL,176.15072631835938,176.419754263997,173.52027308216327,173.5900272621342,18063600.0,
2024-06-14,MSFT,440.0089721679687,440.5756810111054,434.19281849694386,435.74378876375306,13582000.0,
2024-06-17,AAPL,215.94422912597656,218.21659070332575,212.0074632920053,212.65527993528357,93728300.0,
2024-06-17,GOOGL,176.59912109375,177.71506640628968,174.1778998559042,174.82555863477174,19618500.0,
2024-06-17,MSFT,445.775390625,448.3305259626429,438.16966532085047,440.0288392462003,20790000.0,
2024-06-18,AAPL,213.5721893310547,217.89766325641617,212.28651711595563,216.86113841241473,79943300.0,
2024-06-18,GOOGL,174.45687866210938,176.74856500464978,173.47046818859647,176.49946899358264,21869900.0,
2024-06-18,MSFT,443.7571411132813,447.53516969127554,442.3155500964385,447.1076349319816,17112500.0,
2024-06-20,AAPL,208.97764587402344,213.5223844137921,208.15043943546107,213.21341001933183,86172500.0,
2024-06-20,GOOGL,175.66250610351562,176.64891655489416,174.35724546739127,174.73586105725994,20160100.0,
2024-06-20,MSFT,443.1208801269531,443.94606381625726,438.7164921470121,443.71738383441055,19877400.0,
2024-06-21,AAPL,206.79498291015625,211.18023828891836,206.41625091745033,209.6852627905662,246421400.0,
2024-06-21,GOOGL,178.98048400878906,180.19607384922364,175.97139971495798,176.35998891289265,58582700.0,
2024-06-21,MSFT,447.17724609375,447.97260457820744,443.9261796037789,444.79114029939626,34486200.0,
2024-06-24,AAPL,207.44281005859375,211.9875333707341,205.89799892378585,207.02421872275744,80727000.0,
2024-06-24,GOOGL,178.5719451904297,180.23590467855504,178.02393093898397,179.50854860133447,18298000.0,
2024-06-24,MSFT,445.0794677734375,450.13005783321864,443.8267493445669,447.197116551364,15913700.0,
2024-06-25,AAPL,208.3697052001953,210.67196517740436,207.91123932751768,208.44942384896885,56713900.0,
2024-06-25,GOOGL,183.36456298828125,183.62361737855215,178.77123172218378,178.9705054995933,23235600.0,
2024-06-25,MSFT,448.3404541015625,448.80773551860256,444.1647465305247,445.65606632861267,16747500.0,
2024-06-26,AAPL,212.5356903076172,214.1402980033581,209.9344322470105,210.79155216910215,66213200.0,
2024-06-26,GOOGL,183.2151031494141,183.84281475961373,181.82015636356303,181.96962309255457,19839000.0,
2024-06-26,MSFT,449.54345703125,450.9751265075422,445.596429300538,446.4017395883299,16507000.0,
2024-06-27,AAPL,213.38284301757812,215.01734896028736,211.6387049296034,213.97086306596705,49772700.0,
2024-06-27,GOOGL,184.73956298828125,185.37724814669312,183.35458982218609,183.51399970907897,18848900.0,
2024-06-27,MSFT,450.2294921875,453.5302875755873,449.1557248487335,449.56335593650766,14806300.0,
2024-06-28,AAPL,209.9144744873047,215.34623061165473,209.5955543096767,215.0472324898511,82542700.0,
2024-06-28,GOOGL,181.49134826660156,184.46058367632295,181.30204806851228,183.6535150299996,29156600.0,
2024-06-28,MSFT,444.3636169433594,452.7448272217048,443.8267333016812,450.4481970791117,28362300.0,
2024-07-01,AAPL,216.02395629882812,216.78140506529675,211.2101334408119,211.37956216985057,60402900.0,
2024-07-01,GOOGL,182.32830810546875,183.2150892304388,180.64441676394287,182.3681567746708,16006100.0,
2024-07-01,MSFT,454.0870361328125,454.7233168460645,443.0810879907853,446.0637277902953,17662800.0,
2024-07-02,AAPL,219.5321807861328,219.64181293490427,214.3795002092306,215.4259709293389,58046200.0,
2024-07-02,GOOGL,184.5701904296875,184.89899899691764,180.9034891495935,181.39172281674388,17372500.0,
2024-07-02,MSFT,456.6222534179687,456.9304570935814,450.48794440717063,450.57745029839504,13979800.0,
2024-07-03,AAPL,220.80789184570312,220.80789184570312,218.29632866276663,219.26308073535031,37369800.0,
2024-07-03,GOOGL,185.14810180664065,185.41711456855907,183.3346754366516,184.18160800788647,10242100.0,
2024-07-03,MSFT,458.1036376953125,458.3521910129211,455.2303771210673,455.5385808076234,9932800.0,
2024-07-05,AAPL,225.5818328857422,225.69146503075916,220.90754038733803,220.90754038733803,60412400.0,
2024-07-05,GOOGL,189.9108123779297,190.16986676631305,185.1281657368756,185.1879463493014,20967500.0,
2024-07-05,MSFT,464.8543395996094,465.6397765538939,456.3140515175161,456.95033221316646,16000300.0,
2024-07-08,AAPL,227.056884765625,227.0867830588167,222.50218547217585,226.32931907748747,59085900.0,
2024-07-08,GOOGL,188.34646606445312,189.4823432148657,187.1009860660353,189.2133152781957,21035900.0,
2024-07-08,MSFT,463.5419921875,464.993565428788,461.77229375422786,463.8501958785038,12962300.0,
2024-07-09,AAPL,227.9139862060547,228.631575647805,225.6117264169712,227.1664984715379,48076100.0,
2024-07-09,GOOGL,188.2966461181641,190.6680449292031,188.03759174863737,189.62183867706156,15121400.0,
2024-07-09,MSFT,456.8807678222656,464.6256672353131,455.3496709136752,464.29759021110544,17207200.0,
2024-07-10,AAPL,232.1995849609375,232.2992560750062,228.48208356286247,228.53191911989683,62627700.0,
2024-07-10,GOOGL,190.48870849609375,191.05665474143063,188.34648872255113,188.46604995162625,15952500.0,
2024-07-10,MSFT,463.5519409179687,463.7607172108967,456.20469022907776,458.5510493427235,18196100.0,
2024-07-11,AAPL,226.80772399902344,231.61157070495585,225.0137503547776,230.61492037011672,64710600.0,
2024-07-11,GOOGL,184.89898681640625,190.16985150502285,184.41075318141904,189.16350913484757,25625800.0,
2024-07-11,MSFT,452.06878662109375,462.0904430463112,448.93699054354346,460.3008712942663,23111200.0,
2024-07-12,AAPL,229.76776123046875,231.86073301422448,227.91399100155513,228.1531925563972,53046500.0,
2024-07-12,GOOGL,184.4008026123047,186.4334193756876,183.8228980414375,184.4107609794594,22898400.0,
2024-07-12,MSFT,450.9254150390625,453.71915189160546,448.0422026334216,451.7009001735587,16324300.0,
2024-07-15,AAPL,233.6148376464844,236.43535998230433,232.3092281117703,235.6878722143983,62631300.0,
2024-07-15,GOOGL,185.8555145263672,187.55933793133792,184.25133560725024,184.25133560725024,16474000.0,
2024-07-15,MSFT,451.3330383300781,454.6139602586164,448.8176800220224,450.67685394437046,14429400.0,
2024-07-16,AAPL,234.0334320068359,235.47857190808813,231.5517672716992,234.2128217621178,43234300.0,
2024-07-16,GOOGL,183.25494384765625,187.99772622450303,182.70692960576108,186.6825072475679,18290700.0,
2024-07-16,MSFT,446.9187316894531,451.67106983710227,444.0752963423949,451.5915461266938,17175700.0,
2024-07-17,AAPL,228.1133270263672,230.68468664215072,225.88082486496336,228.68140979310064,57345900.0,
2024-07-17,GOOGL,180.36544799804688,182.88629847032703,179.24948750496557,182.308393887249,20734100.0,
2024-07-17,MSFT,440.9534606933594,442.2757813397234,436.638578721872,440.0288496296795,21778000.0,
2024-07-18,AAPL,223.42906188964844,229.66810263837593,221.52547133243425,229.50863493701104,66034600.0,
2024-07-18,GOOGL,177.0474853515625,181.84009022857012,175.83189558689608,181.27214401888855,25315700.0,
2024-07-18,MSFT,437.82171630859375,442.07694811849893,431.88626155510383,441.76874441556754,20794800.0,
2024-07-19,AAPL,223.55862426757812,226.0402889661169,222.5320756847993,224.06692564873424,49151500.0,
2024-07-19,GOOGL,177.017578125,179.63805760345338,176.4894958420638,178.2331677734678,18881900.0,
2024-07-19,MSFT,434.5805358886719,438.5872443835016,429.5001207828966,430.59376141790096,20940400.0,
2024-07-22,AAPL,223.20980834960935,227.01700459563804,222.34271224556252,226.24957960487183,48201800.0,
2024-07-22,GOOGL,181.0130920410156,182.0393664160812,179.57829654867925,179.93699542176336,24100300.0,
2024-07-22,MSFT,440.3768310546875,442.0272287343498,436.37015276462773,439.23349185507885,15808800.0,
2024-07-23,AAPL,224.2563018798828,226.17984506717187,221.9341046141529,223.61844622977043,39960300.0,
2024-07-23,GOOGL,181.1326446533203,182.94607087092996,180.88354864784296,181.39171422932947,36352700.0,
2024-07-23,MSFT,442.2757873535156,445.7953108894537,440.53591409904936,441.33127259326983,13107100.0,
2024-07-24,AAPL,217.80795288085935,224.0469935779998,216.40268749627205,223.24967028544495,61777600.0,
2024-07-24,GOOGL,172.0057830810547,175.5529078595556,171.1987144347076,172.97227682395808,49585200.0,
2024-07-24,MSFT,426.4180603027344,438.9252800797557,425.11564336198785,437.90124163761953,26805800.0,
2024-07-25,AAPL,216.7614898681641,220.11023564894725,213.9010930254534,218.19665359620475,51391200.0,
2024-07-25,GOOGL,166.6751251220703,172.7929226710128,166.58545420511723,171.8961830942536,44852000.0,
2024-07-25,MSFT,415.9788208007813,427.3128458662045,415.0939867790631,426.31863260886945,29943800.0,
2024-07-26,AAPL,217.22991943359375,218.7547932697213,215.28643906297688,217.9674309680192,41601300.0,
2024-07-26,GOOGL,166.39613342285156,167.48218836937892,163.4667619348052,166.54558494627688,41336900.0,
2024-07-26,MSFT,422.8090515136719,426.4379540941027,414.8553456338981,415.7799870015666,23583800.0,
2024-07-29,AAPL,217.50897216796875,218.5654190781,215.0273073866339,216.23326096996,36311800.0,
2024-07-29,GOOGL,168.9169921875,169.8137317797604,167.38256739097093,168.2195263708959,20293800.0,
2024-07-29,MSFT,424.2606506347656,429.6492697069918,422.2423988579534,429.0825608465564,15125800.0,
2024-07-30,AAPL,218.06710815429688,219.5919820328496,215.39607720378967,218.45580119769895,41643800.0,
2024-07-30,GOOGL,169.6742401123047,170.61084359012222,167.8309386667155,169.6244330706624,18959700.0,
2024-07-30,MSFT,420.4726867675781,426.5671885866718,414.9448331085773,425.2448982961915,32687600.0,
2024-07-31,AAPL,221.3361053466797,223.07028238181744,219.89096542123676,220.6982497488722,50036300.0,
2024-07-31,GOOGL,170.91969299316406,173.61990013827557,169.39522679360476,172.61355784032972,25729100.0,
2024-07-31,MSFT,415.92913818359375,419.33928250485553,409.8246539863894,418.0666907004293,42891400.0,
2024-08-01,AAPL,217.62855529785156,223.72805013234773,216.29304757526307,223.618417993468,62501000.0,
2024-08-01,GOOGL,170.1425323486328,173.42064433790932,168.2693407012315,169.63438196406787,24531400.0,
2024-08-01,MSFT,414.6962585449219,424.98637136355273,410.6995323530128,418.3549862264431,30296400.0,
2024-08-02,AAPL,219.12353515625,224.84431334230803,216.98074309833055,218.41590675319648,105568600.0,
2024-08-02,GOOGL,166.057373046875,167.90067445744558,164.0745632707895,165.83816733480066,29130100.0,
2024-08-02,MSFT,406.1261901855469,412.598528620736,402.0002109675361,410.1030434734576,29437900.0,
2024-08-05,AAPL,208.5690155029297,212.7848420736874,195.34346157584417,198.42310739676375,119548600.0,
2024-08-05,GOOGL,158.6741485595703,163.8354102699276,154.36976247516515,154.93770864058513,53630700.0,
2024-08-05,MSFT,392.8633728027344,398.7193036046689,383.3487444003249,386.9179967872078,40709200.0,
2024-08-06,AAPL,206.5358428955078,209.2866075294687,200.39648844230865,204.61231506511243,69660500.0,
2024-08-06,GOOGL,157.71762084960938,159.98939041713092,155.8444292184306,158.7538687510913,49004600.0,
2024-08-06,MSFT,397.2975463867187,403.3225066578681,396.1939842314513,397.6853041219084,24946500.0,
2024-08-07,AAPL,209.1171875,212.9243839975228,205.69866882998735,206.2069550428707,63516400.0,
2024-08-07,GOOGL,158.36526489257812,162.39064929609555,157.8969632273386,160.6669093473954,25138600.0,
2024-08-07,MSFT,396.1243591308594,407.7069368759002,395.16992295159474,406.2752977774928,20650900.0,
2024-08-08,AAPL,212.59548950195312,213.48250772924823,208.13050007077933,212.39616246807245,47161100.0,
2024-08-08,GOOGL,161.444091796875,163.0980928190794,159.63068089584155,159.92958392090395,25578800.0,
2024-08-08,MSFT,400.3597106933594,403.51134950514665,397.6256244291568,400.1111573966137,20203000.0,
2024-08-09,AAPL,215.51568603515625,216.05387055494424,211.259984607228,211.38955402452137,42201600.0,
2024-08-09,GOOGL,163.0781707763672,163.1977319936456,158.4848398346875,159.43140161323996,28602300.0,
2024-08-09,MSFT,403.67047119140625,405.68872296700823,399.9322498333492,401.6919964430869,19276700.0,
2024-08-12,AAPL,217.0522918701172,219.02793942662467,215.12653755613,215.59550663031672,38028100.0,
2024-08-12,GOOGL,161.7031707763672,164.30373391569762,161.25480096688574,163.7557348172286,15895300.0,
2024-08-12,MSFT,404.4559020996094,406.39463013243375,401.9007666876047,404.7044554196647,16762900.0,
2024-08-13,AAPL,220.7840881347656,221.4027217224782,218.52904142421028,218.52904142421028,44155300.0,
2024-08-13,GOOGL,163.56640625,164.13433724204145,162.3807068200086,162.81911822642027,18551700.0,
2024-08-13,MSFT,411.6142578125,412.54882074125726,407.1999483356839,407.2198216789193,19414300.0,
2024-08-14,AAPL,221.23309326171875,222.54021400164925,219.21752501736543,220.08562480803565,41960600.0,
2024-08-14,GOOGL,159.79010009765625,162.6298006303333,157.13973016458638,161.81275843785846,40591100.0,
2024-08-14,MSFT,414.4477233886719,415.30276256625774,410.0632696291805,412.3996465083127,18267000.0,
2024-08-15,AAPL,224.22650146484375,224.8551228159093,222.27079905335071,224.10676986474735,46414000.0,
2024-08-15,GOOGL,160.7167510986328,161.05551802843678,159.03285961324696,159.9196408139774,31524300.0,
2024-08-15,MSFT,419.34808349609375,419.42775054091777,415.991550712489,418.1229861127925,20752100.0,
2024-08-16,AAPL,225.5535888671875,226.33187474025672,223.15885022096825,223.42826155403992,44340200.0,
2024-08-16,GOOGL,162.37074279785156,164.46314006883134,160.54735825938926,160.88612516941268,24208600.0,
2024-08-16,MSFT,416.7983093261719,419.6568394696199,415.6329698343419,418.919805326896,22775600.0,
2024-08-19,AAPL,225.3939208984375,225.49370737790127,222.55017371179113,225.22429606357244,40687800.0,
2024-08-19,GOOGL,166.0673370361328,166.0872689752546,163.66604769305533,164.68236373765842,22416200.0,
2024-08-19,MSFT,419.8460998535156,420.06522222853687,414.7963458443911,417.2863590170559,15234000.0,
2024-08-20,AAPL,226.0125732421875,226.6711275207631,224.95490346311303,225.27420804373648,30299000.0,
2024-08-20,GOOGL,166.5754852294922,168.03021269363555,166.21680155178487,166.2964988999767,18341500.0,
2024-08-20,MSFT,423.10302734375,424.15879050030776,419.9556774327427,420.015435317403,16387600.0,
2024-08-21,AAPL,225.90281677246097,227.47934890039068,224.55579052395228,226.0225636042008,34765500.0,
2024-08-21,GOOGL,165.2502899169922,166.2466739015297,164.07454890935912,164.5528089649255,22902000.0,
2024-08-21,MSFT,422.4456787109375,424.69662989295495,420.03533264675815,422.38589043229285,16067300.0,
2024-08-22,AAPL,224.0369110107422,227.8385414771675,223.4082896744648,227.28974628083645,43695300.0,
2024-08-22,GOOGL,163.2077178955078,166.98400692813732,162.71948421537596,166.6551983521646,22493300.0,
2024-08-22,MSFT,413.8899841308594,425.0851042062188,412.953736731063,422.6647882623324,19361900.0,
2024-08-23,AAPL,226.3418426513672,227.7188169640382,223.8373602369176,225.16444130741013,38677300.0,
2024-08-23,GOOGL,165.0211181640625,165.57909078821876,163.237597440162,164.12437861861332,13955700.0,
2024-08-23,MSFT,415.1250305175781,417.58516466451346,410.44379375355777,415.3142739439322,18493800.0,
2024-08-26,AAPL,226.68109130859375,226.7808777924977,223.39832305195915,226.2620154817008,30602200.0,
2024-08-26,GOOGL,165.55917358398438,166.9441467734434,163.8653237787171,165.77837928622512,14190400.0,
2024-08-26,MSFT,411.8381958007813,415.6130641605339,409.6967906199474,414.7066957472072,13152800.0,
2024-08-27,AAPL,227.52923583984375,228.34744239539063,224.3961320136416,225.50369501854036,35934600.0,
2024-08-27,GOOGL,164.0845184326172,165.83816409495242,163.86532792843937,165.2403275821356,11821900.0,
2024-08-27,MSFT,412.1867980957031,412.7047098695456,408.6111429903849,411.21070203411466,13492900.0,
2024-08-28,AAPL,225.99261474609375,229.3552090758367,225.18438078371824,227.4194670399241,38052200.0,
2024-08-28,GOOGL,162.2611541748047,165.0012104060404,160.94591988607655,164.44322254791618,16407400.0,
2024-08-28,MSFT,408.9597778320313,413.3421950254565,405.68291191971673,413.22267925405737,14882700.0,
2024-08-29,AAPL,229.28536987304688,232.4085012026452,228.37737982242845,229.59470189609323,51906300.0,
2024-08-29,GOOGL,161.19500732421875,165.36985884682494,159.67054097302747,163.71585770644296,19699800.0,
2024-08-29,MSFT,411.4696960449219,420.3640158924635,408.95977368399144,413.2824329478728,17045200.0,
2024-08-30,AAPL,228.49710083007812,229.89402024722435,226.98043458769095,229.6844899472923,52990800.0,
2024-08-30,GOOGL,162.7892303466797,163.06821666334946,161.10533887588517,162.03196874119254,22123800.0,
2024-08-30,MSFT,415.4736328125,415.822210323597,410.48363692465733,413.93977626013776,24308300.0,
2024-09-03,AAPL,222.28079223632812,228.4971066385697,220.68429981162345,228.04809790202157,50190600.0,
2024-09-03,GOOGL,156.79100036621094,161.26477038522722,155.91417750545756,161.13523558890284,38945300.0,
2024-09-03,MSFT,407.8043823242187,418.2026793193696,405.4040060811421,416.2405478075573,20313600.0,
2024-09-04,AAPL,220.3650054931641,221.29295584608855,217.0023958735564,221.17322424578344,43840200.0,
2024-09-04,GOOGL,155.88427734375,158.42505964289654,155.3960589028362,156.09352467815137,19353800.0,
2024-09-04,MSFT,407.26654052734375,409.5971891641853,402.7546379619835,404.2884945573242,15135800.0,
2024-09-05,AAPL,221.8916473388672,224.98483044961617,221.0335353326016,221.14329437614535,36615400.0,
2024-09-05,GOOGL,156.6714324951172,158.87343271753585,155.41597886981896,155.73482906151818,18688700.0,
2024-09-05,MSFT,406.7585754394531,411.44975138862225,404.5075939762158,405.9916319874654,14195500.0,
2024-09-06,AAPL,220.33506774902344,224.74535922490057,219.2873705935476,223.45818364879955,48423000.0,
2024-09-06,GOOGL,150.374267578125,157.25928448946016,150.00561037278715,156.73120219936595,37912100.0,
2024-09-06,MSFT,400.0953063964844,409.0095348193582,399.1988773878562,407.4258901774711,19609500.0,
2024-09-09,AAPL,220.4248809814453,220.7840910234286,216.23410730849417,220.3350822772696,67180000.0,
2024-09-09,GOOGL,148.368896484375,153.04812579911544,146.88230875795676,152.16016788537544,39260500.0,
2024-09-09,MSFT,404.0992431640625,407.017531193238,400.5434971977151,405.6131601713445,15295100.0,
2024-09-10,AAPL,219.62661743164065,220.9936039050013,216.25403537150672,218.43922835246784,51591000.0,
2024-09-10,GOOGL,148.31900024414062,150.92301391041104,147.9997269680091,150.10488755816476,31118800.0,
2024-09-10,MSFT,412.5453796386719,414.66684525245614,406.0713456246143,406.56934824108026,19594300.0,
2024-09-11,AAPL,222.17103576660156,222.6000841658612,217.41150656335964,220.97367404683663,44587100.0,
2024-09-11,GOOGL,150.8132781982422,151.15249466457212,147.18162811030237,149.57611698577008,29607700.0,
2024-09-11,MSFT,421.3500671386719,422.29625388353406,407.9438146629927,413.84017908445105,19266900.0,
2024-09-12,AAPL,222.28079223632812,223.0590781064196,219.33727360197895,222.01138090428717,37498200.0,
2024-09-12,GOOGL,154.33517456054688,154.46488123819847,152.29984538660895,153.4472166512295,29695000.0,
2024-09-12,MSFT,425.2942504882813,425.6627675750461,418.07321227741465,421.6189886086143,17418800.0,
2024-09-13,AAPL,222.01136779785156,223.54797910505988,221.42266715079168,223.08899783711732,36766600.0,
2024-09-13,GOOGL,157.09881591796875,158.0167037423396,154.85397709703722,155.0734584425326,29591200.0,
2024-09-13,MSFT,428.8699035644531,430.10494036688726,423.76039168984255,424.12890877471926,15874600.0,
2024-09-16,AAPL,215.8449554443359,216.7429728995392,213.4502168549942,216.0644583037111,59357400.0,
2024-09-16,GOOGL,157.6974334716797,157.88700007819574,156.2407910010188,156.949153850456,18379800.0,
2024-09-16,MSFT,429.6169128417969,431.79816683164466,426.50938123863534,428.87987866290234,13834700.0,
2024-09-17,AAPL,216.31390380859375,216.42366284814068,214.0289395447448,215.27619443719672,45519300.0,
2024-09-17,GOOGL,158.95455932617188,160.18173369132347,158.01671306098063,158.65524442097214,20715600.0,
2024-09-17,MSFT,433.41168212890625,440.08492951868885,430.5431821213062,438.47140586333086,18874200.0,
2024-09-18,AAPL,220.20535278320312,222.22092099435915,217.06226125375576,217.07224903728172,59894900.0,
2024-09-18,GOOGL,159.44342041015625,160.13184010247764,158.23620447115354,159.493308763357,23677300.0,
2024-09-18,MSFT,429.0890197753906,434.288168401725,428.6906237541022,433.2622842089649,18898000.0,
2024-09-19,AAPL,228.3673858642578,229.3153117998868,224.1367068474718,224.49591687958383,66781300.0,
2024-09-19,GOOGL,161.76808166503906,163.41429079540828,160.96991366518583,163.3344876968325,26587700.0,
2024-09-19,MSFT,436.93756103515625,439.73633345516527,435.1547030637013,439.46742297057807,21706600.0,
2024-09-20,AAPL,227.6988525390625,232.5781131211396,227.12012443578536,229.46496974860833,318679900.0,
2024-09-20,GOOGL,163.21475219726562,163.35443045510996,161.68826294232812,163.12496229374892,40896400.0,
2024-09-20,MSFT,433.53118896484375,437.4853309751932,432.4853956233,435.4734113370451,55167100.0,
2024-09-23,AAPL,225.97265625,228.94610768522745,225.31410200503296,226.8407407931877,54146000.0,
2024-09-23,GOOGL,161.47874450683594,165.1103942398001,161.29914948564644,163.97300985155823,24150900.0,
2024-09-23,MSFT,431.77825927734375,434.7164566201473,428.6707276626035,432.5451724016005,15128900.0,
2024-09-24,AAPL,226.8706817626953,228.8463445678705,225.2342838755063,228.147869614878,43556100.0,
2024-09-24,GOOGL,161.917724609375,162.84559924653018,160.32140390143587,162.65603264196153,23332100.0,
2024-09-24,MSFT,427.4555969238281,431.6188916752313,424.39785343692114,431.27028375011014,17015800.0,
2024-09-25,AAPL,225.8728790283203,226.79085685048213,223.52804884217392,224.43603888049125,42308700.0,
2024-09-25,GOOGL,161.11956787109375,162.43653204188453,160.93000127122684,161.09960948590057,18869200.0,
2024-09-25,MSFT,430.3838195800781,431.38979462226376,426.8579828341436,428.1129287963964,13396400.0,
2024-09-26,AAPL,227.02035522460935,227.99819881641105,224.9149883158055,226.80083714120576,36636700.0,
2024-09-26,GOOGL,162.35671997070312,163.70362938299246,161.90775524120266,163.26463623457852,20319300.0,
2024-09-26,MSFT,429.5870361328125,433.56108748494046,427.41575191106693,433.3519348863203,14492000.0,
2024-09-27,AAPL,227.2897491455078,229.01596089620384,226.80083496693393,227.9582911728241,34026000.0,
2024-09-27,GOOGL,163.5739288330078,165.31991468714682,162.25696456225583,162.4365443712631,21101300.0,
2024-09-27,MSFT,426.3101501464844,430.1248672217253,425.762359424982,429.7961684722898,14896100.0,
2024-09-30,AAPL,232.48831176757812,232.48831176757812,229.1456625683617,229.5348054854851,54541900.0,
2024-09-30,GOOGL,165.46957397460938,165.76887364583845,162.88550343062403,162.9453785886578,20413900.0,
2024-09-30,MSFT,428.5810546875,428.7006008520287,423.67075601092984,426.49940732473704,16807300.0,
2024-10-01,AAPL,225.71322631835935,229.14565893600417,223.24864947388588,229.0159547825387,63285000.0,
2024-10-01,GOOGL,166.60696411132812,168.7719847422779,164.2024885113937,167.30535540779766,28338100.0,
2024-10-01,MSFT,419.0094604492187,426.7683500314763,417.1369656739266,426.73847108913304,19092900.0,
2024-10-02,AAPL,226.2819671630859,226.8706678098605,222.53022998119604,225.3939223013361,32880600.0,
2024-10-02,GOOGL,165.47955322265625,167.13574919120185,164.3521403294987,166.03826626655388,17760200.0,
2024-10-02,MSFT,415.4636535644531,421.13092557899313,415.0453180067373,420.8918636621556,16582300.0,
2024-10-03,AAPL,225.1744079589844,226.3119038145279,222.82957789090332,224.6455731013804,34044200.0,
2024-10-03,GOOGL,165.47955322265625,166.25776285148348,163.54400073216186,164.0328822574666,15073100.0,
2024-10-03,MSFT,414.87603759765625,417.8739927473743,412.6350257729925,415.9616796785687,13686400.0,
2024-10-04,AAPL,226.30194091796875,227.49930262356304,223.63780617480535,227.39951613756347,37245100.0,
2024-10-04,GOOGL,166.67678833007812,167.84410270815644,165.10041077348518,167.6744944881404,19047400.0,
2024-10-04,MSFT,414.39794921875,418.07321108796054,413.3123071245128,416.5692334072243,19169700.0,
2024-10-07,AAPL,221.2031707763672,225.19438676879489,220.84396072803747,224.0069975750027,39505400.0,
2024-10-07,GOOGL,162.6061553955078,168.09353960289477,162.37668722767793,167.3352883566198,22463100.0,
2024-10-07,MSFT,407.9039916992187,415.4437282135342,407.3661403625253,414.3381769946468,20919800.0,
2024-10-08,AAPL,225.27420043945312,225.4837307412941,222.7597302404025,223.80742742544692,31855700.0,
2024-10-08,GOOGL,164.00294494628906,164.35213297119705,162.49639888774195,163.5639517960843,23072700.0,
2024-10-08,MSFT,413.0533447265625,413.99956190900485,406.5394920239681,409.2585670086313,19229300.0,
2024-10-09,AAPL,229.03591918945312,229.24546472466872,224.3362709632568,224.73538646570117,33591100.0,
2024-10-09,GOOGL,161.4887237548828,164.46188392429227,159.37359151374716,163.07507293573457,31181800.0,
2024-10-09,MSFT,415.7923278808594,418.70067647812056,412.6449477589923,414.19871346026423,14974300.0,
2024-10-10,AAPL,228.53700256347656,228.99599906464633,226.67111410985407,227.279775108536,28183500.0,
2024-10-10,GOOGL,161.70822143554688,162.69595604624766,160.0320671165202,160.50099024469034,14144100.0,
2024-10-10,MSFT,414.1788330078125,415.6828107109308,411.49957636636015,413.5712843754373,13848400.0,
2024-10-11,AAPL,227.05029296875,228.9062089337624,226.84074743911052,228.79644988971887,31759200.0,
2024-10-11,GOOGL,162.8655548095703,163.52402928799188,160.87014254138842,161.75810039177787,15344300.0,
2024-10-11,MSFT,414.6568908691406,415.4636526469778,411.599147619692,414.47761722865823,14144900.0,
2024-10-14,AAPL,230.79205322265625,231.22110160659443,228.09798564307096,228.19775690140833,39882100.0,
2024-10-14,GOOGL,164.5816192626953,165.84869515872447,163.02518482340258,163.26463978878337,19016100.0,
2024-10-14,MSFT,417.4656677246094,422.3460875183581,415.8521136383557,416.10111495840073,16653100.0,
2024-10-15,AAPL,233.33645629882812,236.9684620133565,231.85969551276995,233.0969778733182,64751400.0,
2024-10-15,GOOGL,165.08047485351562,167.29536861569628,164.25237687914083,165.40970450318616,20247200.0,
2024-10-15,MSFT,417.0672302246094,420.7923105426525,413.60115139482065,420.4934907291295,18900200.0,
2024-10-16,AAPL,231.27099609375,231.61024577942743,229.33525401328015,231.09139869260775,34082200.0,
2024-10-16,GOOGL,164.78114318847656,165.41967448375283,163.36440235282572,164.1525834736406,16406000.0,
2024-10-16,MSFT,414.4577026367187,414.6967341717602,408.84024879356656,413.51151588006746,15508900.0,
2024-10-17,AAPL,231.6401824951172,233.3364614020046,230.0137723986246,232.9173703418766,32993800.0,
2024-10-17,GOOGL,162.55625915527344,165.9883708197769,162.3866509330354,165.3498394792033,21453400.0,
2024-10-17,MSFT,415.0552978515625,420.8122068261624,413.9298070859751,420.6727515049861,14820000.0,
2024-10-18,AAPL,234.4839324951172,235.66133386929857,233.4961010856326,235.66133386929857,46431500.0,
2024-10-18,GOOGL,163.04515075683594,164.3322003226238,162.7059342913527,162.81568258592537,19757700.0,
2024-10-18,MSFT,416.4895629882813,417.9736010984232,414.5971590742364,415.4736485659628,17145300.0,
2024-10-21,AAPL,235.9606781005859,236.32987592195377,233.9351372634737,233.9351372634737,36254500.0,
2024-10-21,GOOGL,163.69366455078125,164.12267091200812,162.24697837282997,162.57622324771475,20946500.0,
2024-10-21,MSFT,417.1070861816406,417.2863598354636,412.09718088424023,414.457708513249,14206100.0,
2024-10-22,AAPL,235.342041015625,235.70125104779564,232.08920560922664,233.376366009758,38846600.0,
2024-10-22,GOOGL,164.76119995117188,165.38975972379467,162.60615092256947,162.60615092256947,16568100.0,
2024-10-22,MSFT,425.8022155761719,428.85992860317606,416.3700446113444,416.8182287379404,25482200.0,
2024-10-23,AAPL,230.25323486328125,234.6236210523599,227.25982300232985,233.56595129753524,52287000.0,
2024-10-23,GOOGL,162.4066162109375,165.43965162521155,161.5585598399715,164.38207025094962,18280500.0,
2024-10-23,MSFT,422.9038391113281,429.3579337373482,420.8421009299413,429.13881136450993,19654400.0,
2024-10-24,AAPL,230.06365966796875,230.31311065070705,227.90839952304313,229.4749437774939,31109500.0,
2024-10-24,GOOGL,162.34674072265625,162.95534206352698,160.64065656258018,162.45648900457678,22412500.0,
2024-10-24,MSFT,423.0333251953125,424.27833177082186,420.71261591698874,423.6309040350223,13581600.0,
2024-10-25,AAPL,230.9018096923828,232.7078323586645,229.0658541264054,229.2354789664412,38802300.0,
2024-10-25,GOOGL,164.89089965820312,165.21015770980458,163.04513719135548,163.29456372883286,19828900.0,
2024-10-25,MSFT,426.4396362304687,430.79217425375066,424.8659613297776,425.0552047565001,16899100.0,
2024-10-28,AAPL,232.8874359130859,234.21451699403664,232.03931169048735,232.80762499530724,36087100.0,
2024-10-28,GOOGL,166.3375701904297,168.3629124526984,163.5739198981752,168.3629124526984,32138600.0,
2024-10-28,MSFT,424.8858642578125,430.21449827781026,424.5970142324742,429.9356180313113,14882400.0,
2024-10-29,AAPL,233.15684509277344,233.815399347975,231.8098189074392,232.58810476348472,35417200.0,
2024-10-29,GOOGL,169.29078674316406,169.9891932870904,166.7067312467614,167.3452626285711,42169000.0,
2024-10-29,MSFT,430.2244873046875,431.43961494644,424.09903059516625,426.29025434116863,17644100.0,
2024-10-30,AAPL,229.59469604492188,232.95729049985405,229.04590082483264,232.09917848988175,47070900.0,
2024-10-30,GOOGL,174.059814453125,181.6024702004282,173.660722875302,180.26553244445503,68890800.0,
2024-10-30,MSFT,430.8021545410156,436.7483071680008,430.3738795735308,435.69254402246366,29749100.0,
2024-10-31,AAPL,225.4138946533203,229.325284321648,224.8750719925984,228.83635490362704,64370100.0,
2024-10-31,GOOGL,170.71751403808594,176.41442332366287,170.60776574356834,172.73288489023227,44769000.0,
2024-10-31,MSFT,404.7267456054687,414.4975548257246,404.67692710480617,413.7007323761392,53971000.0,
2024-11-01,AAPL,222.4204864501953,224.8551305713263,219.78628458026083,220.48474431371312,65276700.0,
2024-11-01,GOOGL,170.89707946777344,171.924730806551,168.49261922011237,169.67989197256162,31796500.0,
2024-11-01,MSFT,408.7306823730469,413.8401943287888,405.8721520793777,407.37612978056814,24230400.0,
2024-11-04,AAPL,221.52244567871097,222.3007315284092,219.2275088130919,220.5046966292777,44944500.0,
2024-11-04,GOOGL,168.851806640625,170.33837916949005,167.62461702535575,169.540211146429,21492700.0,
2024-11-04,MSFT,406.8283081054687,408.78050033889826,403.9498686523884,408.1629515330161,19672300.0,
2024-11-05,AAPL,222.95928955078125,223.4581915257104,220.65436486265335,221.31291912362707,28111300.0,
2024-11-05,GOOGL,169.35064697265625,170.13882813078655,168.45270230555178,169.04134527892143,18242100.0,
2024-11-05,MSFT,409.8163146972656,413.2425752143605,406.4498120639611,406.73866209939297,17626000.0,
2024-11-06,AAPL,222.23089599609375,225.5735453041769,220.7042571772517,222.1211369530596,54561100.0,
2024-11-06,GOOGL,176.10511779785156,176.53413938489027,173.1020275837351,173.40134249175,33695500.0,
2024-11-06,MSFT,418.50146484375,418.7704057056053,408.8800507986786,410.7724850277819,26681800.0,
2024-11-07,AAPL,226.98043823242188,227.37956894750107,224.0768403097807,224.13670611072257,42137700.0,
2024-11-07,GOOGL,180.33538818359375,180.66463304281663,176.783556694456,177.00305326727127,25352900.0,
2024-11-07,MSFT,423.7304992675781,425.14484007349097,418.2026823789465,419.5970836269586,19901800.0,
2024-11-08,AAPL,226.7107391357422,228.4088689967903,226.16134014604208,226.92049995960824,38328800.0,
2024-11-08,GOOGL,177.94090270996094,180.48504128160124,177.6715177795822,180.23561473741785,22006200.0,
2024-11-08,MSFT,420.85205078125,424.7962229099081,420.095077093531,423.6209440547306,16891400.0,
2024-11-11,AAPL,223.98373413085935,225.45212091614073,221.25673663335024,224.7528927426808,42005600.0,
2024-11-11,GOOGL,179.93630981445312,180.13584799922145,178.06061738529806,178.1703656704888,17450400.0,
2024-11-11,MSFT,416.3401489257813,423.11297221775334,414.3381687204943,420.83211176857736,24503300.0,
2024-11-12,AAPL,223.98373413085935,225.34224111445195,223.11469448970428,224.30339000560164,40398300.0,
2024-11-12,GOOGL,181.20339965820312,182.07141442586757,178.97851903978545,179.40754063277615,25134900.0,
2024-11-12,MSFT,421.340087890625,422.744458901271,415.533390819855,416.5791841447968,19401200.0,
2024-11-13,AAPL,224.8727569580078,226.4010754152989,222.5153482196322,223.76397540644064,48566200.0,
2024-11-13,GOOGL,178.4696807861328,180.54491140269107,178.13044912542955,180.04605832824305,23184000.0,
2024-11-13,MSFT,423.5014343261719,427.6149103778975,416.5393371261829,419.9556581526565,21502200.0,
2024-11-14,AAPL,227.9693603515625,228.61864039722624,224.7528954725484,224.77287777547028,44923900.0,
2024-11-14,GOOGL,175.17726135253906,178.40983501207117,173.92015698572658,177.87106512358804,31007500.0,
2024-11-14,MSFT,425.1846923828125,426.4595778768523,418.3222016749388,423.30222788535474,30246900.0,
2024-11-15,AAPL,224.7528839111328,226.6707733581308,224.023689933323,226.15134020310103,47923700.0,
2024-11-15,GOOGL,172.09434509277344,173.7405542062273,170.8272539769183,173.3314910172349,32504600.0,
2024-11-15,MSFT,413.3421936035156,421.1110226744225,411.98764100476023,418.14294637599176,28247600.0,
2024-11-18,AAPL,227.7695770263672,229.4876892234719,224.9227009955052,225.00261496304853,44686000.0,
2024-11-18,GOOGL,174.8979034423828,175.03758170425652,172.50339937967658,173.02221087683125,20206600.0,
2024-11-18,MSFT,414.0991516113281,416.72858966014985,410.45376875637714,413.21269235073834,24742000.0,
2024-11-19,AAPL,228.02928161621097,229.90722171238716,226.4110657200773,226.73070634208972,36211800.0,
2024-11-19,GOOGL,177.71141052246094,178.4596901179334,173.16187301779436,173.32150965187077,23434900.0,
2024-11-19,MSFT,416.12103271484375,416.27042741990954,409.9059394231008,411.4597051471197,18133500.0,
2024-11-20,AAPL,228.7484893798828,229.67746064503265,225.64190448211673,227.80951934283004,35169600.0,
2024-11-20,GOOGL,175.5763397216797,177.27243728365775,173.38138904007343,176.93322081601997,18997100.0,
2024-11-20,MSFT,413.8302001953125,415.6230278333229,408.9398109050573,415.2046922657536,19191700.0,
2024-11-21,AAPL,228.26902770996097,229.90722593821596,225.4621162861243,228.6286329426038,42108300.0,
2024-11-21,GOOGL,167.2454833984375,173.73057324168968,163.32449039222482,173.50108987072463,59734400.0,
2024-11-21,MSFT,412.0437927246094,418.9399686403921,409.4689690149979,418.6605301722443,20780200.0,
2024-11-22,AAPL,229.61753845214844,230.4666110292765,227.80952873867184,227.80952873867184,38168300.0,
2024-11-22,GOOGL,164.38206481933594,166.0781775052239,163.52403689515066,165.4695761261647,38604600.0,
2024-11-22,MSFT,416.16552734375,416.56472079906104,410.2374116400306,410.5467888521348,24814600.0,
2024-11-25,AAPL,232.61424255371097,232.9938300911163,229.48769048234257,231.2058026888721,90152800.0,
2024-11-25,GOOGL,167.26544189453125,168.24320495243438,165.23012790175193,165.7090226252667,33135300.0,
2024-11-25,MSFT,417.9519653320313,420.23736087052777,414.0198472532827,417.54278213072394,27691100.0,
2024-11-26,AAPL,234.8018341064453,235.31128373473052,233.07373841155265,233.07373841155265,45986200.0,
2024-11-26,GOOGL,168.73207092285156,169.43047745533647,167.19561004372002,167.24549839943876,20486700.0,
2024-11-26,MSFT,427.133544921875,428.18146205416855,418.0118506967232,418.75036014607525,23458900.0,
2024-11-27,AAPL,234.67198181152344,235.43115689965904,233.55321672420507,234.21249554010248,33498400.0,
2024-11-27,GOOGL,168.84181213378906,169.09123867813173,167.6345961844918,168.61234397565445,19266500.0,
2024-11-27,MSFT,422.1435546875,426.37509083138485,421.17549451394376,424.2593075311874,18332400.0,
2024-11-29,AAPL,237.06935119628903,237.5488197625333,233.71304074851764,234.55211454995276,28481400.0,
2024-11-29,GOOGL,168.5624542236328,169.0413489221372,166.7765668794217,168.1134894922982,14257200.0,
2024-11-29,MSFT,422.6126098632813,424.0297817162198,416.9639323784013,419.2493584099212,16271900.0,
2024-12-02,AAPL,239.3268585205078,240.52553753151284,236.89953466637493,237.00941446483552,48137100.0,
2024-12-02,GOOGL,171.0966339111328,171.6852768885628,168.18333376692627,168.38287195306333,23789100.0,
2024-12-02,MSFT,430.1175842285156,432.13353107658475,420.4669212999132,420.72641076442574,20207200.0,
2024-12-03,AAPL,242.3834991455078,242.49337894569655,238.6376176509325,239.54662188503684,38861000.0,
2024-12-03,GOOGL,170.9469757080078,172.283898354898,170.45810941593857,171.0966407714524,22248700.0,
2024-12-03,MSFT,430.3371276855469,431.6045752942296,426.88402964452257,428.9798333762607,18302000.0,
2024-12-04,AAPL,242.74310302734375,243.84190102311464,240.9850414761411,242.60325739533937,44383900.0,
2024-12-04,GOOGL,173.9700164794922,174.50878632573773,170.6676115592613,170.75740145903967,31615100.0,
2024-12-04,MSFT,436.544677734375,438.7901751847669,431.7642546343851,432.1634480898198,26009400.0,
2024-12-05,AAPL,242.7730712890625,244.2714238935446,241.86408229295347,243.72204013219255,40033900.0,
2024-12-05,GOOGL,172.24400329589844,175.65615678272883,171.93471679976247,174.95776546503646,21356200.0,
2024-12-05,MSFT,441.7342529296875,443.770179142923,435.2971785217715,437.0436765362191,21697800.0,
2024-12-06,AAPL,242.5732879638672,244.3613305629988,241.8141281502541,242.6432183998472,36870600.0,
2024-12-06,GOOGL,174.30926513671875,174.6784115765489,171.4657962428472,171.6354044780067,21462400.0,
2024-12-06,MSFT,442.682373046875,445.2073090094776,440.88595677867977,441.4148949698492,18821000.0,
2024-12-09,AAPL,246.47900390625,246.96847124510987,241.48449521514056,241.56440918324205,44649200.0,
2024-12-09,GOOGL,175.1682586669922,176.05723424799297,173.45023604553785,173.75989224042516,25389600.0,
2024-12-09,MSFT,445.12744140625,447.4328163406456,439.6184986530788,441.7143023543043,19144400.0,
2024-12-10,AAPL,247.4978790283203,247.93739821602463,245.0705399660552,246.61884065291167,36914800.0,
2024-12-10,GOOGL,184.9569854736328,186.14561898038457,180.8417298459591,182.6396622409938,54813000.0,
2024-12-10,MSFT,442.4428405761719,448.7202622082635,440.71632196493806,443.500747434082,18469500.0,
2024-12-11,AAPL,246.2192840576172,250.5245479203196,245.98952569372008,247.68767076725757,45205800.0,
2024-12-11,GOOGL,195.1752166748047,195.3849818086967,184.637364997593,185.0968273042346,67894100.0,
2024-12-11,MSFT,448.0915222167969,449.4488165759074,443.1614051498909,443.1614051498909,19200200.0,
2024-12-12,AAPL,247.68768310546875,248.46682524629017,245.4101731068781,246.61885092340057,32777500.0,
2024-12-12,GOOGL,191.7391815185547,194.9554633024938,191.48946911126615,194.77567768503928,34817500.0,
2024-12-12,MSFT,448.6603698730469,455.2471685109344,448.2112581986308,448.2112581986308,20834800.0,
2024-12-13,AAPL,247.85748291015625,249.016197294528,245.96955931284188,247.54782582286597,33155300.0,
2024-12-13,GOOGL,189.6016387939453,192.50827955283287,189.42183794011777,190.7902570178538,25143500.0,
2024-12-13,MSFT,446.37493896484375,450.5266178755225,444.6883184556146,447.5426110314286,20177800.0,
2024-12-16,AAPL,250.7642822265625,251.1039203968556,247.3780059899919,247.71764416028495,51694800.0,
2024-12-16,GOOGL,196.43377685546875,198.7710813908107,192.3984157132465,192.648128127054,44934900.0,
2024-12-16,MSFT,450.6863098144531,451.27512549789225,444.38893932865295,446.37494735046533,23598800.0,
2024-12-17,AAPL,253.20159912109375,253.5512208135588,249.50566587259755,249.80533943156328,51356400.0,
2024-12-17,GOOGL,195.1951904296875,201.18828813489583,194.7556941593745,197.02308705872431,43504000.0,
2024-12-17,MSFT,453.5505676269531,454.3789237624039,448.670368885724,450.10748972576295,22733500.0,
2024-12-18,AAPL,247.7775726318359,254.0007260278641,247.46791553993853,251.88305927654196,56774100.0,
2024-12-18,GOOGL,188.18325805664065,196.77337069091053,187.52402890568504,194.99541962680925,34166100.0,
2024-12-18,MSFT,436.5147399902344,451.7441820228141,436.1454548251872,450.4168569277278,24444500.0,
2024-12-19,AAPL,249.51565551757812,251.72323503929724,246.81862390484895,247.22817727073837,60882300.0,
2024-12-19,GOOGL,188.2931365966797,192.8079411518366,188.16329650997008,191.40955777871685,32265200.0,
2024-12-19,MSFT,436.1554565429687,442.29314366547726,435.4468858542376,440.73626782337294,22963700.0,
2024-12-20,AAPL,254.21051025390625,254.71994465608725,245.4201718605057,247.76758181309805,147495300.0,
2024-12-20,GOOGL,191.18980407714844,192.66809720587497,185.00692266360085,185.56627599656576,63462900.0,
2024-12-20,MSFT,435.726318359375,442.85201454579715,427.7722660445124,432.2432815476765,64263700.0,
2024-12-23,AAPL,254.9896545410156,255.3692268422543,253.171646035914,254.49020366493687,40858800.0,
2024-12-23,GOOGL,194.40611267089844,194.87557322669755,189.93125525567427,192.3984151157297,25675000.0,
2024-12-23,MSFT,434.3790283203125,436.7742196281346,431.9638575419981,435.8660369595189,19152500.0,
2024-12-24,AAPL,257.91644287109375,257.92641115938613,255.0096198916901,255.2094124344067,23234700.0,
2024-12-24,GOOGL,195.8843994140625,195.8843994140625,193.55707797257895,194.61585613024195,10403300.0,
2024-12-24,MSFT,438.4508361816406,438.7203153724094,433.32113775673025,433.7802087154167,7164500.0,
2024-12-26,AAPL,258.7355041503906,259.81433504408284,257.34704665632455,257.90642916266114,27237100.0,
2024-12-26,GOOGL,195.375,196.52367101490137,194.1564021929594,194.92550545907343,12046600.0,
2024-12-26,MSFT,437.2332763671875,440.0576302640168,435.7562575113133,438.20133650274425,8194200.0,
2024-12-27,AAPL,255.30929565429688,258.41589596104086,252.78207543596488,257.54682582842287,42355300.0,
2024-12-27,GOOGL,192.5382537841797,195.09532170060632,190.43068040496257,194.72573696465105,18891400.0,
2024-12-27,MSFT,429.66845703125,434.3490742197977,425.4968290181099,433.73031978660106,18117700.0,
2024-12-30,AAPL,251.9230194091797,253.22159473829512,250.47461491371791,251.95298524244893,35557500.0,
2024-12-30,GOOGL,191.02000427246097,192.3284948186424,188.90243274221345,189.58165840021297,14264700.0,
2024-12-30,MSFT,423.9798583984375,426.6944166190143,421.05572893712207,425.2074080072107,13158700.0,
2024-12-31,AAPL,250.1449737548828,253.00183336212825,249.15605553782555,252.16275955239965,39480700.0,
2024-12-31,GOOGL,189.08224487304688,191.73918864322025,188.29314510160168,190.8601960597075,17466900.0,
2024-12-31,MSFT,420.6565246582031,425.8760697244736,419.81820926028456,425.24732556190753,13246500.0,
2025-01-02,AAPL,243.5821990966797,248.826433311358,241.5544297530332,248.65660659999048,55740700.0,
2025-01-02,GOOGL,189.2120819091797,191.7791328258186,187.2843094002135,190.43067970164265,20370800.0,
2025-01-02,MSFT,417.7423706054687,425.2174031564215,414.0198541610312,424.67847521686525,16896500.0,
2025-01-03,AAPL,243.0927276611328,243.911819160746,241.624340886356,243.0927276611328,40244100.0,
2025-01-03,GOOGL,191.56936645507812,192.9877463613902,189.76145103861663,191.1498514336812,18596200.0,
2025-01-03,MSFT,422.5028381347656,423.1814700735548,418.7004647827294,420.2373611517797,16662900.0,
2025-01-06,AAPL,244.73092651367188,247.0583693989477,242.93290033169583,244.04168187374515,45045600.0,
2025-01-06,GOOGL,196.64352416992188,197.99197728329852,193.6270092243641,193.75684931380115,29563600.0,
2025-01-06,MSFT,426.9938354492187,433.450889550372,424.6285829292995,427.1435291929144,20573600.0,
2025-01-07,AAPL,241.94400024414065,245.28032844029428,241.08494412707995,242.71314361950863,40856000.0,
2025-01-07,GOOGL,195.26512145996097,200.7687774852745,194.37614589069548,196.8832529983184,26487200.0,
2025-01-07,MSFT,421.5247802734375,429.7882097463078,419.957914728963,428.1415176926379,18139100.0,
2025-01-08,AAPL,242.43344116210935,243.44234164075263,239.78635773622744,241.65429905026372,37628900.0,
2025-01-08,GOOGL,193.7268829345703,196.06418741382137,192.1586969389352,192.3484808074723,24864800.0,
2025-01-08,MSFT,423.7104187011719,426.11559975123726,420.69647292951623,422.6126137987443,15054600.0,
2025-01-10,AAPL,236.58987426757812,239.8962364632009,232.74409661721964,239.7463920626497,61710900.0,
2025-01-10,GOOGL,191.8190765380859,196.29393386115163,190.09107094303815,194.07648645979592,26665200.0,
2025-01-10,MSFT,418.1116333007813,423.8600860063737,414.1894746460312,423.7802594986814,20201100.0,
2025-01-13,AAPL,234.14256286621097,234.41227060505477,229.4677100170831,233.27352322575203,49630700.0,
2025-01-13,GOOGL,190.7902679443359,190.96007055747592,187.14447278422705,189.8513620671916,21823700.0,
2025-01-13,MSFT,416.3551635742187,417.66253969684465,411.4649750549722,414.4090535363967,17604800.0,
2025-01-14,AAPL,233.02378845214844,235.8606656353981,232.21468051006943,234.49217517741417,39435300.0,
2025-01-14,GOOGL,189.4418182373047,191.75914137705388,188.0933651847724,191.02000242961617,17174900.0,
2025-01-14,MSFT,414.8382263183594,418.9000587938386,409.89811945983064,416.9739281792526,16935900.0,
2025-01-15,AAPL,237.60874938964844,238.6975638581554,234.17252500331003,234.38230107288464,39832000.0,
2025-01-15,GOOGL,195.32504272460935,196.1341084636535,191.6392852545324,192.8678659974796,21776000.0,
2025-01-15,MSFT,425.4569091796875,427.29322350331137,417.4329894853562,418.2912843778652,19637800.0,
2025-01-16,AAPL,228.00930786132812,237.74859991927732,227.7795647267042,237.089336348529,71759100.0,
2025-01-16,GOOGL,192.6880798339844,195.2551153784116,192.58818877757312,193.91666057341888,17815400.0,
2025-01-16,MSFT,423.7303466796875,428.6305247845027,423.5407549144398,427.8421276061569,15300000.0,
2025-01-17,AAPL,229.7274169921875,232.03487756377,228.2290643880918,231.86506609768284,68488300.0,
2025-01-17,GOOGL,195.77452087402344,197.00310160992169,193.52710928235737,196.3039099407615,27735100.0,
2025-01-17,MSFT,428.1714782714844,433.61058460419247,427.31321381371214,433.221350403684,26197500.0,
2025-01-21,AAPL,222.39547729492188,224.17352112887505,219.13906319002535,223.75398423747347,98070400.0,
2025-01-21,GOOGL,197.8221740722656,202.05728678766425,197.6423732117847,198.84100497169504,29971300.0,
2025-01-21,MSFT,427.64251708984375,430.0377082937944,424.7483264493822,429.33912735658424,26085700.0,
2025-01-22,AAPL,223.58416748046875,223.87384226456615,219.54859611049605,219.54859611049605,64126500.0,
2025-01-22,GOOGL,198.1417999267578,200.24937329507208,197.30276987978317,198.83100862292844,26200600.0,
2025-01-22,MSFT,445.30712890625,446.37496460039233,435.1275277712005,436.68440364505375,27803800.0,
2025-01-23,AAPL,223.41436767578125,226.78066167492807,222.05586069453577,224.493183388126,60234800.0,
2025-01-23,GOOGL,197.7522430419922,200.06958147081755,194.9754423241231,197.91206263871857,26951400.0,
2025-01-23,MSFT,445.8160705566406,445.85599903960934,440.6165049266649,441.1155043659929,18389300.0,
2025-01-24,AAPL,222.5353240966797,225.38220009721184,221.16683361690275,224.53312753788663,54697900.0,
2025-01-24,GOOGL,199.9796905517578,200.66888399183227,197.77222616967975,197.87211722888603,23877500.0,
2025-01-24,MSFT,443.17138671875,445.7562002010948,440.5167060042179,444.2691915941594,15549500.0,
2025-01-27,AAPL,229.6075439453125,231.89502211760887,223.73399710835045,223.77396171163917,94863400.0,
2025-01-27,GOOGL,191.58934020996097,196.65351502081776,190.5105808080997,192.18865606918456,41728900.0,
2025-01-27,MSFT,433.6903991699219,434.3291330844904,422.6525337820519,423.16152296669173,35647800.0,
2025-01-28,AAPL,237.99832153320312,239.9262098046868,230.55650666713984,230.59647127201657,75707600.0,
2025-01-28,GOOGL,195.07533264160156,195.2551182563093,190.4606370613745,192.52826307792665,24157900.0,
2025-01-28,MSFT,446.30511474609375,447.4827461239755,430.51676503368185,433.73032267022137,23491700.0,
2025-01-29,AAPL,239.0971221923828,239.5965730646729,233.75299176206667,233.86287156365177,45486100.0,
2025-01-29,GOOGL,195.18521118164065,196.5636133163606,193.20747792712064,195.33503253066368,18218300.0,
2025-01-29,MSFT,441.44482421875,445.9857373249504,439.51869372032735,445.796115104224,23581400.0,
2025-01-30,AAPL,237.3290557861328,240.52553823889048,236.94948349745044,238.40787147181928,55658300.0,
2025-01-30,GOOGL,200.638916015625,201.16830508891937,197.4426003161396,197.7722225159478,24354700.0,
2025-01-30,MSFT,414.1595458984375,422.0137922192137,412.33322134699057,417.9319804505241,54586300.0,
2025-01-31,AAPL,235.7408142089844,246.9185272875337,233.18362815459497,246.9185272875337,101075100.0,
2025-01-31,GOOGL,203.78530883789065,205.24362078448016,201.56786140671952,201.76762828746985,32042000.0,
2025-01-31,MSFT,414.22943115234375,419.84816997012905,414.0797374049759,418.141600337115,34223400.0,
2025-02-03,AAPL,227.75958251953125,231.5753945205246,225.45212191586603,229.73741895869952,73063300.0,
2025-02-03,GOOGL,200.99850463867188,203.5156099470352,199.8698149328218,200.45913255035472,27838300.0,
2025-02-03,MSFT,410.09771728515625,414.57872255523336,407.8422300476431,410.7763492208031,25679100.0,
2025-02-04,AAPL,232.54432678222656,232.87396618357337,226.40107197135944,227.00041910872287,45067300.0,
2025-02-04,GOOGL,206.14259338378903,206.81182081300247,202.5766928565967,203.15602747619252,43856400.0,
2025-02-04,MSFT,411.5447998046875,413.09171636714575,408.9200578355856,411.86416676091864,20532100.0,
2025-02-05,AAPL,232.21469116210935,232.4144684638066,228.0193068583431,228.2790158263464,39620300.0,
2025-02-05,GOOGL,191.1099090576172,192.52827375908595,187.81370210065404,190.85021363044223,70373900.0,
2025-02-05,MSFT,412.4629821777344,413.0018796658512,409.5787506797878,411.5248607564065,16316700.0,
2025-02-06,AAPL,232.9638671875,233.54323203112875,230.1769227714588,231.0359788855247,29925300.0,
2025-02-06,GOOGL,191.3795928955078,191.8790177044823,188.50290111861952,189.28200260132084,29297400.0,
2025-02-06,MSFT,414.9879150390625,417.36315732347487,413.1715497090401,413.1715497090401,16309800.0,
2025-02-07,AAPL,227.3800048828125,233.74300400322835,227.0104008794231,232.3445476829273,39707200.0,
2025-02-07,GOOGL,185.1267852783203,190.9600634127379,183.02921021692137,190.83022332592188,49315000.0,
2025-02-07,MSFT,408.9300537109375,417.8122379259866,407.2833615993766,415.6465973451397,22886800.0,
2025-02-10,AAPL,227.6499938964844,230.58999633789065,227.1999969482422,229.57000732421875,33115600.0,
2025-02-10,GOOGL,186.2554931640625,187.98349876976383,185.64619427540677,187.1344857224474,23105600.0,
2025-02-10,MSFT,411.3951110839844,414.6286177998997,410.0977246861568,412.8821197108573,20817900.0,
2025-02-11,AAPL,232.6199951171875,235.22999572753903,228.1300048828125,228.1999969482422,53718400.0,
2025-02-11,GOOGL,185.10682678222656,186.72495835838524,184.0680145980673,184.81715184499055,21239500.0,
2025-02-11,MSFT,410.6166687011719,411.6645553606299,408.48093644203584,408.8202828688126,18140600.0,
2025-02-12,AAPL,236.8699951171875,236.9600067138672,230.67999267578125,231.1999969482422,45243300.0,
2025-02-12,GOOGL,183.39878845214844,184.8970629566076,181.62083725948915,183.0092376906385,22072600.0,
2025-02-12,MSFT,408.2214660644531,409.92803560329327,403.56079794352274,406.3951110778186,19121700.0,
2025-02-13,AAPL,241.52999877929688,242.33999633789065,235.57000732421875,236.91000366210935,53614100.0,
2025-02-13,GOOGL,185.9258728027344,186.06571114375504,182.9293238598035,184.10797436946572,21402500.0,
2025-02-13,MSFT,409.7184753417969,410.1775463061904,405.54681680905935,406.185550721702,23891700.0,
2025-02-14,AAPL,244.6000061035156,245.5500030517578,240.9900054931641,241.25,40896200.0,
2025-02-14,GOOGL,185.01690673828125,186.1855589387927,184.1079651875959,184.8471041355986,20448400.0,
2025-02-14,MSFT,407.6126708984375,408.0917213200678,405.06778596420224,406.9739674594389,22758500.0,
2025-02-18,AAPL,244.47000122070312,245.17999267578125,241.83999633789065,244.1499938964844,48822500.0,
2025-02-18,GOOGL,183.55859375,185.74607679460823,181.5309302979739,185.386490331916,29916700.0,
2025-02-18,MSFT,408.8202819824219,409.7783523938356,405.6865508328786,407.18354917543536,21423100.0,
2025-02-19,AAPL,244.8699951171875,246.0099945068359,243.16000366210935,244.66000366210935,32204200.0,
2025-02-19,GOOGL,185.0568695068359,185.246653369277,183.3787942547783,183.8582530360721,19549400.0,
2025-02-19,MSFT,413.94000244140625,414.6585628844229,406.8342549807474,407.06380569744374,24114200.0,
2025-02-20,AAPL,245.8300018310547,246.77999877929688,244.2899932861328,244.94000244140625,32316900.0,
2025-02-20,GOOGL,184.34768676757812,185.0968239961468,182.5098070913863,184.58741616756504,20441500.0,
2025-02-20,MSFT,416.1300048828125,419.30999755859375,412.5400085449219,415.2900085449219,23508700.0,
2025-02-21,AAPL,245.5500030517578,248.69000244140625,245.22000122070312,245.9499969482422,53197400.0,
2025-02-21,GOOGL,179.4533233642578,185.12678179449696,178.87398876546823,184.93699793129608,35199200.0,
2025-02-21,MSFT,408.2099914550781,418.0499877929687,407.8900146484375,417.3399963378906,27524800.0,
2025-02-24,AAPL,247.1000061035156,248.86000061035156,244.4199981689453,244.92999267578125,51326400.0,
2025-02-24,GOOGL,179.04379272460938,182.90933584096624,178.68420625509464,181.78064614487357,29854200.0,
2025-02-24,MSFT,404.0,409.3699951171875,399.3200073242187,408.510009765625,26443700.0,
2025-02-25,AAPL,247.0399932861328,250.0,244.91000366210935,248.0,48013300.0,
2025-02-25,GOOGL,175.21820068359375,178.53438877889693,174.48904471950055,177.8351818432405,41913400.0,
2025-02-25,MSFT,397.8999938964844,401.9200134277344,396.7000122070313,401.1000061035156,29387400.0,
2025-02-26,AAPL,240.36000061035156,244.97999572753903,239.1300048828125,244.3300018310547,44433600.0,
2025-02-26,GOOGL,172.5312957763672,175.87744820035027,171.38262477536554,174.8686155406987,35431300.0,
2025-02-26,MSFT,399.7300109863281,403.6000061035156,394.25,398.010009765625,19619000.0,
2025-02-27,AAPL,237.3000030517578,242.4600067138672,237.05999755859375,239.41000366210935,41153600.0,
2025-02-27,GOOGL,168.30616760253906,174.3591940996765,167.746814231894,173.78985771928288,39991000.0,
2025-02-27,MSFT,392.5299987792969,405.739990234375,392.1700134277344,401.2699890136719,21127400.0,
2025-02-28,AAPL,241.83999633789065,242.08999633789065,230.1999969482422,236.9499969482422,56833400.0,
2025-02-28,GOOGL,170.0841064453125,170.41372863795183,166.5781498819881,168.48594100971005,48130600.0,
2025-02-28,MSFT,396.989990234375,397.6300048828125,386.5700073242187,392.6600036621094,32845700.0,
2025-03-03,AAPL,238.02999877929688,244.02999877929688,236.11000061035156,241.7899932861328,47184000.0,
2025-03-03,GOOGL,166.81787109375,173.17055534541237,165.73911166521458,171.7322094406985,40770500.0,
2025-03-03,MSFT,388.489990234375,398.8200073242187,386.1600036621094,398.8200073242187,23007700.0,
2025-03-04,AAPL,235.92999267578125,240.07000732421875,234.67999267578125,237.7100067138672,53798100.0,
2025-03-04,GOOGL,170.72337341308594,173.09064211021553,165.60926829005186,166.04876455679425,45388000.0,
2025-03-04,MSFT,388.6099853515625,392.5799865722656,381.0,383.3999938964844,29342900.0,
2025-03-05,AAPL,235.7400054931641,236.5500030517578,229.22999572753903,235.4199981689453,47227600.0,
2025-03-05,GOOGL,172.8209686279297,173.58008886593674,168.86551735545183,170.32384453302183,30954900.0,
2025-03-05,MSFT,401.0199890136719,401.6700134277344,388.80999755859375,389.3399963378906,23433100.0,
2025-03-06,AAPL,235.3300018310547,237.86000061035156,233.16000366210935,234.44000244140625,45170400.0,
2025-03-06,GOOGL,172.1517333984375,174.60889486138916,170.30385555544734,170.33381982392953,28302000.0,
2025-03-06,MSFT,396.8900146484375,402.1499938964844,392.6799926757813,394.2799987792969,23304600.0,
2025-03-07,AAPL,239.07000732421875,241.3699951171875,234.7599945068359,235.11000061035156,46273600.0,
2025-03-07,GOOGL,173.66000366210938,174.7687274017958,170.07413701655315,171.06298843219486,27385800.0,
2025-03-07,MSFT,393.30999755859375,394.7999877929687,385.5400085449219,392.3200073242187,22034100.0,
2025-03-10,AAPL,227.47999572753903,236.16000366210935,224.22000122070312,235.5399932861328,72071200.0,
2025-03-10,GOOGL,165.8699951171875,168.4600067138672,163.69000244140625,168.25999450683594,43604000.0,
2025-03-10,MSFT,380.1600036621094,386.3999938964844,377.2200012207031,385.8399963378906,32840100.0,
2025-03-11,AAPL,220.83999633789065,225.83999633789065,217.4499969482422,223.80999755859375,76137400.0,
2025-03-11,GOOGL,164.0399932861328,166.75,161.3699951171875,164.91000366210938,39587400.0,
2025-03-11,MSFT,380.4500122070313,386.0,376.9100036621094,379.0,30380200.0,
2025-03-12,AAPL,216.97999572753903,221.75,214.91000366210935,220.13999938964844,62547500.0,0.0625
2025-03-12,GOOGL,167.11000061035156,167.63999938964844,163.52999877929688,166.5800018310547,28372400.0,
2025-03-12,MSFT,383.2699890136719,385.2200012207031,378.9500122070313,382.9500122070313,24253600.0,
2025-03-13,AAPL,209.67999267578125,216.83999633789065,208.4199981689453,215.9499969482422,61368300.0,0.17857142857142855
2025-03-13,GOOGL,162.75999450683594,166.1300048828125,162.11000061035156,166.0399932861328,31756200.0,
2025-03-13,MSFT,378.7699890136719,385.3200073242187,377.4500122070313,383.1600036621094,20473000.0,
2025-03-14,AAPL,213.4900054931641,213.9499969482422,209.5800018310547,211.25,60107600.0,0.0
2025-03-14,GOOGL,165.49000549316406,166.49000549316406,162.4499969482422,163.27000427246094,31995900.0,
2025-03-14,MSFT,388.55999755859375,390.2300109863281,379.510009765625,379.7799987792969,19952800.0,
2025-03-17,AAPL,214.0,215.22000122070312,209.97000122070312,213.30999755859375,48073400.0,
2025-03-17,GOOGL,164.2899932861328,166.3000030517578,163.6699981689453,165.02999877929688,31184300.0,
2025-03-17,MSFT,388.7000122070313,392.7099914550781,385.5700073242187,386.7000122070313,22474300.0,
2025-03-18,AAPL,212.69000244140625,215.1499938964844,211.4900054931641,214.16000366210935,42432400.0,0.06818181818181815
2025-03-18,GOOGL,160.6699981689453,164.25,156.72000122070312,163.67999267578125,42074800.0,
2025-03-18,MSFT,383.5199890136719,387.3699951171875,381.1000061035156,387.0700073242187,19486900.0,
2025-03-19,AAPL,215.2400054931641,218.7599945068359,213.75,214.22000122070312,54385400.0,-0.0625
2025-03-19,GOOGL,163.88999938964844,165.8699951171875,161.0,161.75999450683594,34275600.0,
2025-03-19,MSFT,387.8200073242187,389.6799926757813,384.0,385.5299987792969,19185500.0,
2025-03-20,AAPL,214.1000061035156,217.4900054931641,212.22000122070312,213.9900054931641,48862900.0,0.025
2025-03-20,GOOGL,162.8000030517578,164.88999938964844,160.9600067138672,161.57000732421875,28138500.0,
2025-03-20,MSFT,386.8399963378906,391.7900085449219,383.2799987792969,385.739990234375,18470500.0,
2025-03-21,AAPL,218.27000427246097,218.83999633789065,211.27999877929688,211.55999755859375,94127800.0,
2025-03-21,GOOGL,163.99000549316406,164.24000549316406,160.88999938964844,161.2100067138672,36625800.0,
2025-03-21,MSFT,391.260009765625,391.739990234375,382.7999877929687,383.2200012207031,39675900.0,
2025-03-24,AAPL,220.72999572753903,221.47999572753903,218.5800018310547,221.0,44299500.0,0.13714285714285715
2025-03-24,GOOGL,167.67999267578125,168.32000732421875,165.13999938964844,167.07000732421875,30879100.0,
2025-03-24,MSFT,393.0799865722656,395.3999938964844,389.80999755859375,395.3999938964844,21004500.0,
2025-03-25,AAPL,223.75,224.1000061035156,220.0800018310547,220.77000427246097,34493600.0,-0.06666666666666667
2025-03-25,GOOGL,170.55999755859375,170.6300048828125,168.32000732421875,168.97999572753906,24174400.0,
2025-03-25,MSFT,395.1600036621094,396.3599853515625,392.6400146484375,393.9200134277344,15775000.0,
2025-03-26,AAPL,221.52999877929688,225.02000427246097,220.47000122070312,223.5099945068359,34466100.0,-0.2
2025-03-26,GOOGL,165.05999755859375,169.61000061035156,164.83999633789062,169.0,28901600.0,
2025-03-26,MSFT,389.9700012207031,395.30999755859375,388.5700073242187,395.0,16108400.0,
2025-03-27,AAPL,223.8500061035156,224.9900054931641,220.55999755859375,221.38999938964844,37094800.0,0.0
2025-03-27,GOOGL,162.24000549316406,165.4199981689453,162.0,164.6300048828125,24508300.0,
2025-03-27,MSFT,390.5799865722656,392.239990234375,387.3999938964844,390.1300048828125,13766800.0,
2025-03-28,AAPL,217.8999938964844,223.80999755859375,217.67999267578125,221.6699981689453,39818600.0,0.6416666666666666
2025-03-28,GOOGL,154.3300018310547,161.82000732421875,153.6300048828125,160.49000549316406,48669300.0,
2025-03-28,MSFT,378.7999877929687,389.1300048828125,376.9299926757813,388.0799865722656,21632000.0,
2025-03-31,AAPL,222.1300048828125,225.6199951171875,216.22999572753903,217.0099945068359,65299300.0,0.16857142857142854
2025-03-31,GOOGL,154.63999938964844,155.5399932861328,150.66000366210938,153.11000061035156,54603500.0,
2025-03-31,MSFT,375.3900146484375,377.0700073242187,367.239990234375,372.5400085449219,35184700.0,
2025-04-01,AAPL,223.19000244140625,223.67999267578125,218.8999938964844,219.80999755859375,36412700.0,0.0
2025-04-01,GOOGL,157.07000732421875,158.10000610351562,153.6199951171875,153.6199951171875,30672900.0,
2025-04-01,MSFT,382.19000244140625,382.8500061035156,373.2300109863281,374.6499938964844,19689500.0,
2025-04-02,AAPL,223.88999938964844,225.19000244140625,221.02000427246097,221.32000732421875,35905900.0,-0.03125
2025-04-02,GOOGL,157.0399932861328,158.41000366210938,154.6999969482422,155.14999389648438,25041700.0,
2025-04-02,MSFT,382.1400146484375,385.0799865722656,376.6199951171875,377.9700012207031,16092600.0,
2025-04-03,AAPL,203.19000244140625,207.4900054931641,201.25,205.5399932861328,103419000.0,0.15909090909090912
2025-04-03,GOOGL,150.72000122070312,152.77999877929688,150.38999938964844,151.11000061035156,46883400.0,
2025-04-03,MSFT,373.1099853515625,377.4800109863281,369.3500061035156,374.7900085449219,30198000.0,
2025-04-04,AAPL,188.3800048828125,199.8800048828125,187.33999633789065,193.88999938964844,125910900.0,0.31
2025-04-04,GOOGL,145.60000610351562,151.07000732421875,145.3800048828125,148.00999450683594,62259500.0,
2025-04-04,MSFT,359.8399963378906,374.5899963378906,359.4800109863281,364.1300048828125,49209900.0,
2025-04-07,AAPL,181.4600067138672,194.1499938964844,174.6199951171875,177.1999969482422,160466300.0,0.03888888888888889
2025-04-07,GOOGL,146.75,152.85000610351562,140.52999877929688,141.5500030517578,76794100.0,
2025-04-07,MSFT,357.8599853515625,371.0,344.7900085449219,350.8800048828125,50425000.0,
2025-04-08,AAPL,172.4199981689453,190.33999633789065,169.2100067138672,186.6999969482422,120859500.0,0.5
2025-04-08,GOOGL,144.6999969482422,152.24000549316406,143.02999877929688,151.22000122070312,52200200.0,
2025-04-08,MSFT,354.55999755859375,373.6499938964844,350.25,368.260009765625,35868900.0,
2025-04-09,AAPL,198.8500061035156,200.61000061035156,171.88999938964844,171.9499969482422,184395900.0,0.06412337662337661
2025-04-09,GOOGL,158.7100067138672,159.5500030517578,143.91000366210938,144.4199981689453,70406200.0,
2025-04-09,MSFT,390.489990234375,393.2300109863281,353.1000061035156,353.5400085449219,50199700.0,
2025-04-10,AAPL,190.4199981689453,194.77999877929688,183.0,189.07000732421875,121880000.0,0.005555555555555573
2025-04-10,GOOGL,152.82000732421875,157.72000122070312,149.92999267578125,156.5399932861328,48022000.0,
2025-04-10,MSFT,381.3500061035156,383.8999938964844,367.7999877929687,382.05999755859375,38024400.0,
2025-04-11,AAPL,198.1499938964844,199.5399932861328,186.05999755859375,186.1000061035156,87300000.0,0.3875
2025-04-11,GOOGL,157.13999938964844,157.6699981689453,152.82000732421875,152.89999389648438,33595900.0,
2025-04-11,MSFT,388.4500122070313,390.0499877929687,378.8900146484375,380.6400146484375,23828700.0,
