Ticker,AAPL,AAPL,AAPL,AAPL,AAPL,GOOGL,GOOGL,GOOGL,GOOGL,GOOGL,MSFT,MSFT,MSFT,MSFT,MSFT
Price,Open,High,Low,Close,Volume,Open,High,Low,Close,Volume,Open,High,Low,Close,Volume
Date,,,,,,,,,,,,,,,
2024-04-12,173.44102962389059,177.52176704196785,173.39127675717174,175.72027587890625,101593300,157.20840874623565,159.4576498521726,156.39230314278245,156.9794921875,25329200,420.83704242845164,421.9584854811625,416.58947237839413,418.7033386230469,19232100
2024-04-15,174.53586805138283,175.7999037342719,171.68930847441092,171.87841796875,73531800,158.1041210913814,158.48231785442226,153.85443413456358,154.12315368652344,27136500,423.36777871681545,423.5861130505976,410.29755074964197,410.5059814453125,20273500
2024-04-16,170.94284143183614,172.94338974194338,167.47920033817573,168.583984375,73711200,153.45633670421336,154.9093812386726,152.6999432114734,153.6653289794922,20779500,411.42887810136665,415.2298454910269,410.5952462785095,411.43878173828125,16765600
2024-04-17,168.81288329791278,169.8479889202863,167.21044921875,167.21044921875,50901200,154.8795200598381,156.33257973226392,153.84447529646815,154.73023986816406,21763100,414.08855629342435,415.7062108618487,407.22097481991534,408.71954345703125,15855500
2024-04-18,167.24031189258443,167.8474456964944,165.7672716683895,166.2549591064453,43122900,154.6008594858019,156.19325246003623,153.88428416601494,155.26766967773438,19883000,407.5187673684452,408.769230365435,400.8893872722647,401.2069396972656,21029900
2024-04-19,165.42886837664992,165.6179626751691,163.30887389276177,164.22454833984375,67772100,155.45675694613493,155.61599926941918,151.5753202297304,153.35679626464844,32239100,400.9687488676842,402.4077746386735,394.7561698730406,396.095947265625,30276500
2024-04-22,164.74211969252124,166.47393259764522,163.9956444231876,165.06060791015625,48116400,153.57574952252133,156.88990631862524,153.3269390890557,155.536376953125,26446200,397.04865981007964,399.7976914523607,392.7514806878664,397.9219970703125,20286900
2024-04-23,164.57291251221173,166.26492000363532,164.14492548116624,166.11561584472656,49537800,156.21315584791824,158.21358635071638,155.53638354340058,157.5069580078125,21151600,401.1771473553241,405.10716505974153,400.0060952402287,404.48193359375,15734500
2024-04-24,165.75732156896873,168.50436038665487,165.4288858023208,168.22567749023438,48251800,156.74063729958468,158.8107420758396,156.42215263269097,158.37283325195312,22779100,406.4568133700171,409.3447683032301,403.69787828909796,405.9606018066406,15065300
2024-04-25,168.73325927633826,169.80818542681567,167.35973999732644,169.09156799316406,50558300,150.60992875719558,155.74537959003683,150.15211089183458,155.25770568847656,57109700,391.0444908759172,396.8601062584313,385.0899520019121,396.01654052734375,40586500
2024-04-26,169.081624768213,170.53475474394267,168.38490238817732,168.5043487548828,44838400,173.5403194325108,173.87871320868138,168.84277660691075,171.1318359375,64665300,409.04710666417816,409.87080464048637,402.6856699602139,403.2414245605469,29694700
2024-04-29,172.555222179483,175.20272483761752,172.28650201133235,172.6846160888672,68169400,168.25557809024173,168.74325204452023,164.4239062306873,165.3594207763672,45610000,402.1795096483343,403.24140976178137,396.1654273618807,399.2022399902344,19582100
2024-04-30,172.51541154910535,174.1676137755898,169.20105955998108,169.52951049804688,65934800,164.8219988264117,167.3001564313842,161.82632640780892,162.00546264648438,33562900,398.44799719369325,399.112934090919,386.2213658866136,386.380126953125,28781400
2024-05-01,168.78303163206596,171.89832652202932,168.31523926242042,168.5043487548828,50383100,163.51823108824746,166.3248050727695,162.31398182603573,163.080322265625,33493200,389.635268755834,398.6762601059751,387.35270744745037,391.9476318359375,23562500
2024-05-02,171.69925171807526,172.60497864880503,170.08687006909776,172.21681213378906,94214900,164.00588469256783,165.9366561572897,163.1101731735162,165.82717895507812,24294500,394.64702416400013,396.89981398666424,391.6598205584853,394.8256530761719,17709400
2024-05-03,185.77280978325868,186.12117099096088,181.80157098826203,182.5181884765625,163224100,166.7627138644963,167.16081969689057,162.27417880581723,166.44424438476562,34662400,399.2320083912343,404.06510458639696,398.815177316325,403.5788269042969,17446700
2024-05-06,181.4930249418685,183.3343214775735,179.5720873686165,180.8560333251953,78569700,166.66320148373052,167.3399586304374,165.2399977875199,167.30015563964844,21871300,405.66292597330005,410.7937370714025,403.29101993493754,410.4067077636719,16996600
2024-05-07,182.58783874817743,184.0310211595987,180.46785941606433,181.5427703857422,77305800,167.69823532661383,170.94271797332505,167.58875812637166,170.43515014648438,28039700,411.5181933814727,411.52812730475875,405.9903890817075,406.2384948730469,20018200
2024-05-08,181.9906787165348,182.20964601288568,180.59724908638574,181.88119506835938,45057100,168.19586940682248,169.34039143777946,167.93711199783866,168.57406616210938,19569100,405.07737479693975,409.1066104061556,403.6284151762591,407.4294128417969,11792300
2024-05-09,181.70202754035518,183.79216432803474,181.25414542501753,183.7025909423828,48983000,168.58401102643612,169.87782842770906,167.37976174414283,169.15130615234375,15346700,407.45921271703617,409.59291660377954,406.00034935781423,409.1959533691406,14689700
2024-05-10,184.280653249985,184.47001925959685,181.51994258592455,182.43685913085938,50759500,167.2304738812949,169.0418211972959,165.39923266388908,167.84751892089844,29799900,409.8112455392715,412.23276061100023,408.67986853475014,411.59759521484375,13402300
2024-05-13,184.81883849593646,186.47328168344126,184.00157793065927,185.65602111816406,72044800,163.47840519575857,168.47452305757707,163.2196478065062,168.33518981933594,31327600,414.84280031878484,415.1802205470415,407.70727562461724,410.5852966308594,15440200
2024-05-14,186.88188838827716,187.66925062518712,185.66597383097238,186.80215454101562,52393600,168.9622000666333,170.43515363864887,167.99681433185833,169.52947998046875,25127100,408.8981987547859,414.3267549073316,408.43175863614476,413.40380859375,15109300
2024-05-15,187.28058361009533,190.01139602124525,186.7423838683229,189.0845184326172,70400000,169.81810379537313,171.82848118606026,169.69866445937762,171.68914794921875,26948400,415.48172683662517,421.35753100749633,414.85536761085484,420.6317443847656,22239500
2024-05-16,189.83199615864385,190.45989075478766,189.02471179656044,189.2041015625,52845200,172.46543176167918,174.28672593990896,171.86829583867203,173.3511962890625,27867900,419.35914332573157,422.9582208339026,417.91755229509,418.5538330078125,17530100
2024-05-17,188.87519880271202,190.17084727488813,188.54630236847427,189.23399353027344,41282900,173.3512152736709,175.43128224723478,172.86355649440316,175.22227478027344,24479300,420.09485405964773,420.4726599302369,415.6109428181483,417.7783203125,15352200
2024-05-20,188.69582178398366,191.27714266640717,188.37688635675946,190.40008544921875,44361300,175.35166373779703,177.91938952957375,175.24218652700162,176.07818603515625,22554400,417.778343258253,424.30037978174784,417.55961512858175,422.878662109375,16272100
2024-05-21,190.44991454290118,192.08442053272114,190.28048580582154,191.70570373535156,42309400,176.05827701539062,177.30232932665308,174.97346704465423,177.00376892089844,16989400,424.36001790160714,430.46450167288947,422.39149513236316,426.5572509765625,21453300
2024-05-22,191.625965130265,192.17412585880137,189.63266445026173,190.2605438232422,34648500,175.79951363051288,176.30708148924128,174.37632512413728,175.54075622558594,17880000,427.60118209872775,429.9077641693655,424.6583193119375,428.0286865234375,18073700
2024-05-23,190.34027016979292,190.36020743395642,186.0048504863481,186.25401306152344,51005900,176.22748350592448,177.40186161179759,172.12707671457434,172.72422790527344,21024900,430.46453792464195,431.090897164325,422.9582395726222,424.5290832519531,17211700
2024-05-24,188.1875250894915,189.94162421863646,187.41012383078694,189.3436279296875,36294600,174.14740175468117,174.93365126217552,172.82372836993727,174.15736389160156,16572500,424.71796179341015,428.565562226306,421.95405016489985,427.6707763671875,11845800
2024-05-28,190.86848939299406,192.35350378297326,188.46657377923762,189.3535919189453,52280100,173.61993514476987,176.42652440990983,173.54031397559726,175.56065368652344,20572200,427.14385491376675,428.3269711402922,424.13138989907134,427.8298645019531,15718000
2024-05-29,188.97487295416659,191.6060292626522,188.8752018363686,189.652587890625,53068000,174.59526917665025,175.99856381955107,173.88865597259237,175.0630340576172,23388700,423.22665032702537,428.44627000677747,423.22665032702537,426.6865234375,15517100
2024-05-30,190.12102272627732,191.53626445370173,189.99146851693155,190.6492462158203,49947900,174.36637035439955,174.38627944367667,170.97259197646454,171.29107666015625,22958700,421.84466424386284,421.84466424386284,411.84288150879064,412.2704162597656,28424800
2024-05-31,190.79874896001851,191.92496874276912,189.27387511297837,191.6060333251953,75158300,171.0422451160524,172.23653216033742,168.63376194065896,171.67919921875,37638900,414.3383733012913,414.3383733012913,402.1692127903504,412.7277526855469,47995300
2024-06-03,192.25384615761888,194.33685694398167,191.8751293663799,193.38006591796875,50080500,171.71901635552842,173.69955303760383,170.3455929752159,172.3460235595703,27459100,413.1254229827006,414.02020882309534,406.553688084388,411.1270446777344,17484700
2024-06-04,193.98802704232938,194.66575720064256,192.38341934135104,193.69900512695312,47471400,172.45550585604707,173.0228009976231,171.07212029758608,172.96307373046875,26879600,410.04337212748766,414.03017705380546,407.30928563189894,413.6623229980469,14348900
2024-06-05,194.74547082752238,196.24044634116564,194.2172473626493,195.21389770507812,54156800,174.36637094531457,175.8094686059924,173.10240953018123,174.57537841796875,22068500,415.39223173706347,421.6259378345122,413.89096003424896,421.5563659667969,16988000
2024-06-06,195.03450583879902,195.84179017422778,193.5195930765027,193.82855224609375,41181800,175.06301613629049,176.30706831231922,174.91373594964054,175.88906860351562,23251000,421.5563568996983,422.848821948627,418.14618249774657,422.0633850097656,14861300
2024-06-07,193.99798178181695,196.28031956711487,193.48969558531903,196.23048400878906,53103900,176.2075553066339,177.02364564681855,173.47064048742553,173.6298828125,19661400,423.73371564550735,423.81323935854607,420.55222098628695,421.3973083496094,13621700
2024-06-10,196.24045118441725,196.63912045583442,191.5063619410421,192.47311401367188,97262100,174.3373180757214,176.41975708694557,172.13530264029285,174.37716674804688,23779200,422.2424037753453,425.6028192678221,421.4370934236562,425.39404296875,14003000
2024-06-11,193.00133588013964,206.46609195915696,192.9814138224934,206.45611572265625,172373300,175.5828062037414,176.20055947666336,173.14166821496,175.98135375976562,21540600,423.01786084549974,430.3153823959729,422.78918087724,430.1761779785156,14551100
2024-06-12,206.67537368785207,219.46239922329934,206.20694681699416,212.35629272460938,198134300,177.60545332869307,179.75764648213246,175.47319211286342,177.14710998535156,27864700,432.8009161252906,440.8341457768561,430.7428874309175,438.5076904296875,22366200
2024-06-13,214.0207098376566,216.02397164318222,210.89122822700367,213.5223846435547,97862700,175.4731883543162,176.10091514486052,174.24764028080844,174.52662658691406,20913300,438.2989324414096,440.8242426789463,436.8274858579273,439.0246887207031,15960600
2024-06-14,213.13368913916617,214.44925972841028,210.59222763705992,211.7782440185547,70122700,173.59002726213419,176.419754263997,173.52027308216327,176.15072631835938,18063600,435.74378876375306,440.5756810111054,434.19281849694386,440.00897216796875,13582000
2024-06-17,212.65527993528355,218.21659070332575,212.0074632920053,215.94422912597656,93728300,174.82555863477174,177.71506640628968,174.1778998559042,176.59912109375,19618500,440.0288392462003,448.3305259626429,438.16966532085047,445.775390625,20790000
2024-06-18,216.86113841241473,217.89766325641614,212.28651711595563,213.5721893310547,79943300,176.49946899358264,176.74856500464978,173.47046818859647,174.45687866210938,21869900,447.10763493198164,447.53516969127554,442.3155500964385,443.75714111328125,17112500
2024-06-20,213.21341001933183,213.5223844137921,208.15043943546107,208.97764587402344,86172500,174.73586105725994,176.64891655489416,174.35724546739127,175.66250610351562,20160100,443.71738383441055,443.94606381625726,438.7164921470121,443.1208801269531,19877400
2024-06-21,209.6852627905662,211.18023828891836,206.41625091745033,206.79498291015625,246421400,176.35998891289265,180.19607384922364,175.97139971495798,178.98048400878906,58582700,444.79114029939626,447.97260457820744,443.9261796037789,447.17724609375,34486200
2024-06-24,207.02421872275744,211.9875333707341,205.89799892378585,207.44281005859375,80727000,179.50854860133447,180.23590467855502,178.02393093898397,178.5719451904297,18298000,447.197116551364,450.13005783321864,443.82674934456685,445.0794677734375,15913700
2024-06-25,208.44942384896885,210.67196517740436,207.91123932751768,208.3697052001953,56713900,178.9705054995933,183.62361737855215,178.77123172218378,183.36456298828125,23235600,445.65606632861267,448.80773551860256,444.1647465305247,448.3404541015625,16747500
2024-06-26,210.79155216910215,214.1402980033581,209.9344322470105,212.5356903076172,66213200,181.96962309255457,183.84281475961373,181.82015636356306,183.21510314941406,19839000,446.4017395883299,450.9751265075422,445.59642930053803,449.54345703125,16507000
2024-06-27,213.97086306596705,215.01734896028734,211.6387049296034,213.38284301757812,49772700,183.51399970907897,185.37724814669312,183.35458982218609,184.73956298828125,18848900,449.56335593650766,453.5302875755873,449.1557248487335,450.2294921875,14806300
2024-06-28,215.0472324898511,215.34623061165473,209.5955543096767,209.9144744873047,82542700,183.65351502999962,184.46058367632295,181.30204806851228,181.49134826660156,29156600,450.44819707911165,452.7448272217048,443.8267333016812,444.3636169433594,28362300
2024-07-01,211.37956216985054,216.78140506529675,211.2101334408119,216.02395629882812,60402900,182.36815677467078,183.2150892304388,180.64441676394287,182.32830810546875,16006100,446.0637277902953,454.72331684606445,443.0810879907853,454.0870361328125,17662800
2024-07-02,215.42597092933886,219.64181293490427,214.3795002092306,219.5321807861328,58046200,181.39172281674388,184.89899899691764,180.9034891495935,184.5701904296875,17372500,450.57745029839504,456.9304570935814,450.48794440717063,456.62225341796875,13979800
2024-07-03,219.26308073535034,220.80789184570312,218.29632866276663,220.80789184570312,37369800,184.18160800788647,185.41711456855907,183.33467543665162,185.14810180664062,10242100,455.5385808076234,458.3521910129211,455.23037712106725,458.1036376953125,9932800
2024-07-05,220.90754038733803,225.69146503075916,220.90754038733803,225.5818328857422,60412400,185.1879463493014,190.16986676631305,185.1281657368756,189.9108123779297,20967500,456.95033221316646,465.6397765538939,456.3140515175161,464.8543395996094,16000300
2024-07-08,226.32931907748747,227.08678305881674,222.50218547217585,227.056884765625,59085900,189.2133152781957,189.48234321486567,187.10098606603526,188.34646606445312,21035900,463.8501958785038,464.99356542878803,461.77229375422786,463.5419921875,12962300
2024-07-09,227.1664984715379,228.631575647805,225.6117264169712,227.9139862060547,48076100,189.62183867706156,190.6680449292031,188.03759174863737,188.29664611816406,15121400,464.29759021110544,464.6256672353131,455.3496709136752,456.8807678222656,17207200
2024-07-10,228.53191911989683,232.2992560750062,228.48208356286247,232.1995849609375,62627700,188.46604995162622,191.05665474143063,188.34648872255113,190.48870849609375,15952500,458.55104934272356,463.7607172108967,456.20469022907776,463.55194091796875,18196100
2024-07-11,230.61492037011672,231.61157070495582,225.01375035477759,226.80772399902344,64710600,189.16350913484757,190.16985150502285,184.41075318141904,184.89898681640625,25625800,460.3008712942663,462.0904430463112,448.93699054354346,452.06878662109375,23111200
2024-07-12,228.1531925563972,231.86073301422448,227.91399100155513,229.76776123046875,53046500,184.4107609794594,186.4334193756876,183.8228980414375,184.4008026123047,22898400,451.70090017355875,453.71915189160546,448.0422026334216,450.9254150390625,16324300
2024-07-15,235.68787221439834,236.43535998230433,232.3092281117703,233.61483764648438,62631300,184.25133560725024,187.55933793133792,184.25133560725024,185.8555145263672,16474000,450.67685394437046,454.6139602586164,448.8176800220224,451.3330383300781,14429400
2024-07-16,234.2128217621178,235.47857190808813,231.55176727169922,234.03343200683594,43234300,186.68250724756794,187.99772622450305,182.70692960576108,183.25494384765625,18290700,451.5915461266938,451.67106983710227,444.07529634239484,446.9187316894531,17175700
2024-07-17,228.68140979310064,230.68468664215072,225.88082486496336,228.1133270263672,57345900,182.308393887249,182.88629847032706,179.24948750496557,180.36544799804688,20734100,440.0288496296795,442.2757813397234,436.63857872187197,440.9534606933594,21778000
2024-07-18,229.50863493701104,229.66810263837593,221.52547133243425,223.42906188964844,66034600,181.27214401888858,181.84009022857012,175.83189558689608,177.0474853515625,25315700,441.76874441556754,442.07694811849893,431.88626155510383,437.82171630859375,20794800
2024-07-19,224.06692564873424,226.04028896611686,222.5320756847993,223.55862426757812,49151500,178.2331677734678,179.63805760345338,176.4894958420638,177.017578125,18881900,430.59376141790096,438.58724438350157,429.5001207828966,434.5805358886719,20940400
2024-07-22,226.24957960487185,227.01700459563804,222.34271224556252,223.20980834960938,48201800,179.93699542176336,182.03936641608118,179.57829654867925,181.01309204101562,24100300,439.23349185507885,442.0272287343498,436.37015276462773,440.3768310546875,15808800
2024-07-23,223.61844622977043,226.17984506717187,221.9341046141529,224.2563018798828,39960300,181.39171422932947,182.94607087092996,180.88354864784296,181.1326446533203,36352700,441.33127259326983,445.7953108894537,440.53591409904936,442.2757873535156,13107100
2024-07-24,223.24967028544495,224.04699357799979,216.40268749627205,217.80795288085938,61777600,172.97227682395808,175.5529078595556,171.1987144347076,172.0057830810547,49585200,437.90124163761953,438.9252800797557,425.11564336198785,426.4180603027344,26805800
2024-07-25,218.19665359620475,220.11023564894725,213.9010930254534,216.76148986816406,51391200,171.8961830942536,172.7929226710128,166.58545420511723,166.6751251220703,44852000,426.31863260886945,427.3128458662045,415.0939867790631,415.97882080078125,29943800
2024-07-26,217.96743096801922,218.7547932697213,215.28643906297688,217.22991943359375,41601300,166.54558494627688,167.48218836937892,163.4667619348052,166.39613342285156,41336900,415.7799870015666,426.4379540941027,414.8553456338981,422.8090515136719,23583800
2024-07-29,216.23326096996,218.5654190781,215.0273073866339,217.50897216796875,36311800,168.2195263708959,169.8137317797604,167.38256739097093,168.9169921875,20293800,429.0825608465564,429.6492697069918,422.2423988579534,424.2606506347656,15125800
2024-07-30,218.45580119769897,219.5919820328496,215.39607720378967,218.06710815429688,41643800,169.6244330706624,170.61084359012222,167.8309386667155,169.6742401123047,18959700,425.2448982961915,426.5671885866718,414.9448331085773,420.4726867675781,32687600
2024-07-31,220.6982497488722,223.07028238181744,219.89096542123676,221.3361053466797,50036300,172.61355784032972,173.61990013827557,169.39522679360476,170.91969299316406,25729100,418.0666907004293,419.33928250485553,409.8246539863894,415.92913818359375,42891400
2024-08-01,223.618417993468,223.72805013234773,216.29304757526307,217.62855529785156,62501000,169.63438196406787,173.42064433790932,168.2693407012315,170.1425323486328,24531400,418.3549862264431,424.98637136355273,410.6995323530128,414.6962585449219,30296400
2024-08-02,218.41590675319648,224.84431334230803,216.98074309833058,219.12353515625,105568600,165.83816733480066,167.90067445744558,164.0745632707895,166.057373046875,29130100,410.1030434734576,412.59852862073603,402.0002109675361,406.1261901855469,29437900
2024-08-05,198.42310739676375,212.7848420736874,195.34346157584417,208.5690155029297,119548600,154.93770864058513,163.8354102699276,154.36976247516517,158.6741485595703,53630700,386.91799678720787,398.7193036046689,383.34874440032485,392.8633728027344,40709200
2024-08-06,204.61231506511243,209.28660752946874,200.39648844230862,206.5358428955078,69660500,158.7538687510913,159.98939041713092,155.8444292184306,157.71762084960938,49004600,397.6853041219084,403.3225066578681,396.1939842314513,397.29754638671875,24946500
2024-08-07,206.2069550428707,212.9243839975228,205.69866882998738,209.1171875,63516400,160.6669093473954,162.39064929609555,157.8969632273386,158.36526489257812,25138600,406.27529777749277,407.7069368759002,395.16992295159474,396.1243591308594,20650900
2024-08-08,212.39616246807245,213.48250772924823,208.13050007077933,212.59548950195312,47161100,159.92958392090395,163.0980928190794,159.63068089584155,161.444091796875,25578800,400.1111573966137,403.51134950514665,397.6256244291568,400.3597106933594,20203000
2024-08-09,211.38955402452135,216.05387055494424,211.259984607228,215.51568603515625,42201600,159.43140161323996,163.1977319936456,158.48483983468753,163.0781707763672,28602300,401.6919964430869,405.68872296700823,399.9322498333492,403.67047119140625,19276700
2024-08-12,215.59550663031672,219.02793942662467,215.12653755613,217.0522918701172,38028100,163.7557348172286,164.30373391569762,161.25480096688574,161.7031707763672,15895300,404.7044554196647,406.39463013243375,401.9007666876047,404.4559020996094,16762900
2024-08-13,218.52904142421028,221.4027217224782,218.52904142421028,220.78408813476562,44155300,162.81911822642027,164.13433724204145,162.3807068200086,163.56640625,18551700,407.2198216789193,412.54882074125726,407.1999483356839,411.6142578125,19414300
2024-08-14,220.08562480803565,222.54021400164925,219.21752501736546,221.23309326171875,41960600,161.81275843785846,162.6298006303333,157.13973016458638,159.79010009765625,40591100,412.3996465083127,415.30276256625774,410.0632696291805,414.4477233886719,18267000
2024-08-15,224.10676986474735,224.8551228159093,222.27079905335071,224.22650146484375,46414000,159.9196408139774,161.05551802843678,159.03285961324696,160.7167510986328,31524300,418.1229861127925,419.42775054091777,415.991550712489,419.34808349609375,20752100
2024-08-16,223.42826155403992,226.33187474025672,223.15885022096822,225.5535888671875,44340200,160.88612516941268,164.46314006883134,160.54735825938926,162.37074279785156,24208600,418.919805326896,419.6568394696199,415.6329698343419,416.7983093261719,22775600
2024-08-19,225.22429606357244,225.49370737790127,222.55017371179113,225.3939208984375,40687800,164.68236373765842,166.0872689752546,163.66604769305533,166.0673370361328,22416200,417.2863590170559,420.06522222853687,414.7963458443911,419.8460998535156,15234000
2024-08-20,225.27420804373648,226.6711275207631,224.95490346311303,226.0125732421875,30299000,166.2964988999767,168.03021269363555,166.21680155178487,166.5754852294922,18341500,420.015435317403,424.15879050030776,419.9556774327427,423.10302734375,16387600
2024-08-21,226.0225636042008,227.47934890039068,224.55579052395228,225.90281677246094,34765500,164.5528089649255,166.2466739015297,164.07454890935912,165.2502899169922,22902000,422.38589043229285,424.69662989295495,420.03533264675815,422.4456787109375,16067300
2024-08-22,227.28974628083643,227.8385414771675,223.4082896744648,224.0369110107422,43695300,166.6551983521646,166.98400692813732,162.71948421537596,163.2077178955078,22493300,422.66478826233237,425.0851042062188,412.953736731063,413.8899841308594,19361900
2024-08-23,225.16444130741013,227.7188169640382,223.83736023691762,226.3418426513672,38677300,164.12437861861332,165.57909078821876,163.237597440162,165.0211181640625,13955700,415.3142739439322,417.58516466451346,410.44379375355777,415.1250305175781,18493800
2024-08-26,226.2620154817008,226.7808777924977,223.39832305195915,226.68109130859375,30602200,165.77837928622512,166.9441467734434,163.8653237787171,165.55917358398438,14190400,414.70669574720716,415.6130641605339,409.6967906199474,411.83819580078125,13152800
2024-08-27,225.50369501854036,228.34744239539063,224.39613201364162,227.52923583984375,35934600,165.2403275821356,165.83816409495242,163.86532792843937,164.0845184326172,11821900,411.21070203411466,412.70470986954564,408.6111429903849,412.1867980957031,13492900
2024-08-28,227.4194670399241,229.35520907583674,225.18438078371824,225.99261474609375,38052200,164.44322254791618,165.0012104060404,160.94591988607655,162.2611541748047,16407400,413.22267925405737,413.3421950254565,405.68291191971673,408.95977783203125,14882700
2024-08-29,229.59470189609323,232.4085012026452,228.37737982242845,229.28536987304688,51906300,163.71585770644296,165.36985884682494,159.67054097302747,161.19500732421875,19699800,413.2824329478728,420.3640158924635,408.95977368399144,411.4696960449219,17045200
2024-08-30,229.6844899472923,229.89402024722435,226.98043458769098,228.49710083007812,52990800,162.03196874119254,163.06821666334946,161.10533887588517,162.7892303466797,22123800,413.93977626013776,415.822210323597,410.48363692465733,415.4736328125,24308300
2024-09-03,228.04809790202157,228.4971066385697,220.68429981162342,222.28079223632812,50190600,161.13523558890284,161.26477038522722,155.91417750545756,156.79100036621094,38945300,416.2405478075573,418.20267931936957,405.4040060811421,407.80438232421875,20313600
2024-09-04,221.17322424578342,221.29295584608857,217.0023958735564,220.36500549316406,43840200,156.09352467815137,158.42505964289654,155.3960589028362,155.88427734375,19353800,404.2884945573242,409.5971891641853,402.7546379619835,407.26654052734375,15135800
2024-09-05,221.14329437614535,224.98483044961614,221.03353533260162,221.8916473388672,36615400,155.73482906151818,158.87343271753585,155.41597886981896,156.6714324951172,18688700,405.9916319874654,411.44975138862225,404.50759397621573,406.7585754394531,14195500
2024-09-06,223.45818364879955,224.74535922490057,219.2873705935476,220.33506774902344,48423000,156.73120219936595,157.25928448946016,150.00561037278717,150.374267578125,37912100,407.4258901774711,409.0095348193582,399.19887738785627,400.0953063964844,19609500
2024-09-09,220.3350822772696,220.7840910234286,216.23410730849415,220.4248809814453,67180000,152.16016788537544,153.04812579911544,146.88230875795676,148.368896484375,39260500,405.6131601713445,407.01753119323797,400.5434971977151,404.0992431640625,15295100
2024-09-10,218.43922835246784,220.9936039050013,216.25403537150672,219.62661743164062,51591000,150.10488755816476,150.92301391041104,147.9997269680091,148.31900024414062,31118800,406.56934824108026,414.66684525245614,406.0713456246143,412.5453796386719,19594300
2024-09-11,220.97367404683663,222.6000841658612,217.41150656335964,222.17103576660156,44587100,149.57611698577008,151.15249466457212,147.18162811030237,150.8132781982422,29607700,413.84017908445105,422.29625388353406,407.9438146629927,421.3500671386719,19266900
2024-09-12,222.01138090428717,223.0590781064196,219.33727360197898,222.28079223632812,37498200,153.4472166512295,154.46488123819847,152.29984538660895,154.33517456054688,29695000,421.6189886086143,425.6627675750461,418.07321227741465,425.29425048828125,17418800
2024-09-13,223.08899783711732,223.54797910505988,221.42266715079168,222.01136779785156,36766600,155.0734584425326,158.0167037423396,154.85397709703722,157.09881591796875,29591200,424.12890877471926,430.10494036688726,423.76039168984255,428.8699035644531,15874600
2024-09-16,216.0644583037111,216.74297289953918,213.4502168549942,215.84495544433594,59357400,156.949153850456,157.88700007819574,156.2407910010188,157.6974334716797,18379800,428.87987866290234,431.79816683164466,426.50938123863534,429.6169128417969,13834700
2024-09-17,215.27619443719672,216.42366284814068,214.02893954474482,216.31390380859375,45519300,158.65524442097214,160.18173369132347,158.01671306098063,158.95455932617188,20715600,438.47140586333086,440.08492951868885,430.5431821213062,433.41168212890625,18874200
2024-09-18,217.07224903728172,222.22092099435915,217.06226125375574,220.20535278320312,59894900,159.493308763357,160.13184010247764,158.23620447115354,159.44342041015625,23677300,433.2622842089649,434.28816840172493,428.6906237541022,429.0890197753906,18898000
2024-09-19,224.49591687958383,229.31531179988679,224.1367068474718,228.3673858642578,66781300,163.3344876968325,163.41429079540828,160.96991366518583,161.76808166503906,26587700,439.46742297057807,439.73633345516527,435.1547030637013,436.93756103515625,21706600
2024-09-20,229.46496974860833,232.57811312113958,227.12012443578536,227.6988525390625,318679900,163.12496229374892,163.35443045510996,161.68826294232812,163.21475219726562,40896400,435.47341133704515,437.4853309751932,432.4853956233,433.53118896484375,55167100
2024-09-23,226.8407407931877,228.94610768522742,225.31410200503296,225.97265625,54146000,163.97300985155823,165.1103942398001,161.29914948564644,161.47874450683594,24150900,432.5451724016005,434.7164566201473,428.6707276626035,431.77825927734375,15128900
2024-09-24,228.14786961487798,228.8463445678705,225.2342838755063,226.8706817626953,43556100,162.65603264196153,162.84559924653018,160.32140390143587,161.917724609375,23332100,431.27028375011014,431.6188916752313,424.39785343692114,427.4555969238281,17015800
2024-09-25,224.43603888049125,226.79085685048213,223.52804884217394,225.8728790283203,42308700,161.09960948590057,162.43653204188453,160.93000127122684,161.11956787109375,18869200,428.11292879639643,431.38979462226376,426.8579828341436,430.3838195800781,13396400
2024-09-26,226.80083714120576,227.99819881641105,224.9149883158055,227.02035522460938,36636700,163.26463623457852,163.70362938299246,161.90775524120266,162.35671997070312,20319300,433.3519348863203,433.56108748494046,427.41575191106693,429.5870361328125,14492000
2024-09-27,227.9582911728241,229.01596089620384,226.80083496693393,227.2897491455078,34026000,162.4365443712631,165.31991468714682,162.25696456225583,163.5739288330078,21101300,429.7961684722898,430.1248672217253,425.762359424982,426.3101501464844,14896100
2024-09-30,229.5348054854851,232.48831176757812,229.1456625683617,232.48831176757812,54541900,162.9453785886578,165.76887364583845,162.88550343062403,165.46957397460938,20413900,426.49940732473704,428.7006008520287,423.67075601092984,428.5810546875,16807300
2024-10-01,229.0159547825387,229.14565893600417,223.24864947388588,225.71322631835938,63285000,167.30535540779766,168.7719847422779,164.2024885113937,166.60696411132812,28338100,426.73847108913304,426.7683500314763,417.1369656739266,419.00946044921875,19092900
2024-10-02,225.3939223013361,226.8706678098605,222.53022998119604,226.28196716308594,32880600,166.03826626655388,167.13574919120185,164.3521403294987,165.47955322265625,17760200,420.89186366215563,421.13092557899313,415.0453180067373,415.4636535644531,16582300
2024-10-03,224.64557310138042,226.3119038145279,222.82957789090332,225.17440795898438,34044200,164.0328822574666,166.25776285148348,163.54400073216186,165.47955322265625,15073100,415.9616796785687,417.8739927473743,412.63502577299244,414.87603759765625,13686400
2024-10-04,227.39951613756347,227.49930262356304,223.63780617480538,226.30194091796875,37245100,167.6744944881404,167.84410270815644,165.10041077348518,166.67678833007812,19047400,416.5692334072243,418.07321108796054,413.3123071245128,414.39794921875,19169700
2024-10-07,224.0069975750027,225.19438676879486,220.84396072803747,221.2031707763672,39505400,167.3352883566198,168.09353960289477,162.37668722767793,162.6061553955078,22463100,414.3381769946468,415.4437282135342,407.3661403625253,407.90399169921875,20919800
2024-10-08,223.80742742544692,225.4837307412941,222.75973024040246,225.27420043945312,31855700,163.5639517960843,164.35213297119705,162.49639888774195,164.00294494628906,23072700,409.25856700863125,413.99956190900485,406.5394920239681,413.0533447265625,19229300
2024-10-09,224.73538646570117,229.24546472466872,224.33627096325682,229.03591918945312,33591100,163.07507293573457,164.46188392429227,159.37359151374716,161.4887237548828,31181800,414.19871346026423,418.70067647812056,412.6449477589923,415.7923278808594,14974300
2024-10-10,227.279775108536,228.99599906464633,226.67111410985407,228.53700256347656,28183500,160.50099024469034,162.69595604624766,160.0320671165202,161.70822143554688,14144100,413.57128437543724,415.68281071093077,411.49957636636015,414.1788330078125,13848400
2024-10-11,228.79644988971887,228.9062089337624,226.84074743911052,227.05029296875,31759200,161.75810039177787,163.52402928799188,160.87014254138842,162.8655548095703,15344300,414.47761722865823,415.4636526469778,411.59914761969196,414.6568908691406,14144900
2024-10-14,228.19775690140833,231.22110160659443,228.09798564307096,230.79205322265625,39882100,163.26463978878337,165.84869515872447,163.02518482340258,164.5816192626953,19016100,416.10111495840073,422.3460875183581,415.8521136383557,417.4656677246094,16653100
2024-10-15,233.0969778733182,236.9684620133565,231.85969551276995,233.33645629882812,64751400,165.40970450318616,167.29536861569628,164.25237687914083,165.08047485351562,20247200,420.4934907291295,420.7923105426525,413.60115139482065,417.0672302246094,18900200
2024-10-16,231.09139869260778,231.61024577942743,229.33525401328018,231.27099609375,34082200,164.1525834736406,165.41967448375283,163.36440235282572,164.78114318847656,16406000,413.51151588006746,414.6967341717602,408.84024879356656,414.45770263671875,15508900
2024-10-17,232.9173703418766,233.3364614020046,230.0137723986246,231.6401824951172,32993800,165.3498394792033,165.9883708197769,162.3866509330354,162.55625915527344,21453400,420.6727515049861,420.81220682616237,413.9298070859751,415.0552978515625,14820000
2024-10-18,235.66133386929857,235.66133386929857,233.4961010856326,234.4839324951172,46431500,162.81568258592537,164.3322003226238,162.7059342913527,163.04515075683594,19757700,415.47364856596283,417.97360109842316,414.5971590742364,416.48956298828125,17145300
2024-10-21,233.9351372634737,236.32987592195377,233.9351372634737,235.96067810058594,36254500,162.57622324771475,164.12267091200812,162.24697837282997,163.69366455078125,20946500,414.457708513249,417.2863598354636,412.09718088424023,417.1070861816406,14206100
2024-10-22,233.376366009758,235.70125104779564,232.08920560922664,235.342041015625,38846600,162.60615092256947,165.38975972379467,162.60615092256947,164.76119995117188,16568100,416.8182287379404,428.85992860317606,416.3700446113444,425.8022155761719,25482200
2024-10-23,233.56595129753524,234.62362105235994,227.25982300232985,230.25323486328125,52287000,164.38207025094962,165.43965162521155,161.5585598399715,162.4066162109375,18280500,429.13881136450993,429.3579337373482,420.8421009299413,422.9038391113281,19654400
2024-10-24,229.4749437774939,230.31311065070702,227.90839952304313,230.06365966796875,31109500,162.45648900457678,162.95534206352698,160.64065656258018,162.34674072265625,22412500,423.6309040350223,424.27833177082186,420.71261591698874,423.0333251953125,13581600
2024-10-25,229.23547896644118,232.7078323586645,229.0658541264054,230.9018096923828,38802300,163.29456372883286,165.21015770980458,163.04513719135548,164.89089965820312,19828900,425.0552047565001,430.79217425375066,424.8659613297776,426.43963623046875,16899100
2024-10-28,232.80762499530724,234.21451699403664,232.03931169048735,232.88743591308594,36087100,168.3629124526984,168.3629124526984,163.5739198981752,166.3375701904297,32138600,429.9356180313113,430.21449827781026,424.5970142324742,424.8858642578125,14882400
2024-10-29,232.58810476348472,233.815399347975,231.8098189074392,233.15684509277344,35417200,167.3452626285711,169.9891932870904,166.7067312467614,169.29078674316406,42169000,426.29025434116863,431.43961494644003,424.09903059516625,430.2244873046875,17644100
2024-10-30,232.09917848988178,232.95729049985403,229.04590082483264,229.59469604492188,47070900,180.26553244445503,181.6024702004282,173.660722875302,174.059814453125,68890800,435.69254402246366,436.7483071680008,430.3738795735308,430.8021545410156,29749100
2024-10-31,228.83635490362704,229.325284321648,224.8750719925984,225.4138946533203,64370100,172.73288489023227,176.41442332366287,170.60776574356834,170.71751403808594,44769000,413.70073237613923,414.4975548257246,404.67692710480617,404.72674560546875,53971000
2024-11-01,220.48474431371312,224.8551305713263,219.78628458026085,222.4204864501953,65276700,169.67989197256162,171.924730806551,168.49261922011235,170.89707946777344,31796500,407.37612978056814,413.8401943287888,405.8721520793777,408.7306823730469,24230400
2024-11-04,220.5046966292777,222.3007315284092,219.2275088130919,221.52244567871094,44944500,169.540211146429,170.33837916949005,167.62461702535575,168.851806640625,21492700,408.1629515330161,408.78050033889826,403.9498686523884,406.82830810546875,19672300
2024-11-05,221.31291912362707,223.45819152571042,220.65436486265338,222.95928955078125,28111300,169.04134527892143,170.13882813078655,168.45270230555178,169.35064697265625,18242100,406.73866209939297,413.24257521436044,406.4498120639611,409.8163146972656,17626000
2024-11-06,222.12113695305962,225.5735453041769,220.7042571772517,222.23089599609375,54561100,173.40134249175,176.53413938489027,173.1020275837351,176.10511779785156,33695500,410.77248502778195,418.77040570560524,408.8800507986786,418.50146484375,26681800
2024-11-07,224.13670611072257,227.37956894750107,224.0768403097807,226.98043823242188,42137700,177.00305326727127,180.66463304281666,176.783556694456,180.33538818359375,25352900,419.5970836269586,425.14484007349097,418.2026823789465,423.7304992675781,19901800
2024-11-08,226.92049995960826,228.4088689967903,226.16134014604208,226.7107391357422,38328800,180.23561473741785,180.48504128160124,177.6715177795822,177.94090270996094,22006200,423.6209440547306,424.7962229099081,420.095077093531,420.85205078125,16891400
2024-11-11,224.7528927426808,225.45212091614073,221.25673663335022,223.98373413085938,42005600,178.1703656704888,180.13584799922145,178.06061738529806,179.93630981445312,17450400,420.83211176857736,423.11297221775334,414.3381687204943,416.34014892578125,24503300
2024-11-12,224.30339000560164,225.34224111445195,223.11469448970428,223.98373413085938,40398300,179.40754063277615,182.07141442586757,178.97851903978543,181.20339965820312,25134900,416.57918414479684,422.744458901271,415.533390819855,421.340087890625,19401200
2024-11-13,223.76397540644066,226.4010754152989,222.5153482196322,224.8727569580078,48566200,180.04605832824305,180.54491140269107,178.13044912542955,178.4696807861328,23184000,419.9556581526565,427.6149103778975,416.5393371261829,423.5014343261719,21502200
2024-11-14,224.77287777547028,228.61864039722624,224.7528954725484,227.9693603515625,44923900,177.87106512358804,178.40983501207117,173.92015698572658,175.17726135253906,31007500,423.30222788535474,426.4595778768523,418.3222016749388,425.1846923828125,30246900
2024-11-15,226.15134020310103,226.67077335813082,224.023689933323,224.7528839111328,47923700,173.3314910172349,173.7405542062273,170.8272539769183,172.09434509277344,32504600,418.14294637599176,421.1110226744225,411.98764100476023,413.3421936035156,28247600
2024-11-18,225.00261496304853,229.4876892234719,224.92270099550518,227.7695770263672,44686000,173.02221087683125,175.03758170425652,172.50339937967658,174.8979034423828,20206600,413.21269235073834,416.72858966014985,410.45376875637714,414.0991516113281,24742000
2024-11-19,226.73070634208972,229.90722171238716,226.41106572007726,228.02928161621094,36211800,173.32150965187077,178.4596901179334,173.16187301779436,177.71141052246094,23434900,411.4597051471197,416.27042741990954,409.9059394231008,416.12103271484375,18133500
2024-11-20,227.80951934283004,229.67746064503265,225.64190448211673,228.7484893798828,35169600,176.93322081601997,177.27243728365775,173.38138904007343,175.5763397216797,18997100,415.2046922657536,415.62302783332285,408.93981090505724,413.8302001953125,19191700
2024-11-21,228.6286329426038,229.90722593821596,225.46211628612434,228.26902770996094,42108300,173.50108987072463,173.73057324168968,163.32449039222482,167.2454833984375,59734400,418.6605301722443,418.9399686403921,409.4689690149979,412.0437927246094,20780200
2024-11-22,227.80952873867182,230.46661102927646,227.80952873867182,229.61753845214844,38168300,165.4695761261647,166.0781775052239,163.52403689515066,164.38206481933594,38604600,410.5467888521348,416.56472079906104,410.2374116400306,416.16552734375,24814600
2024-11-25,231.2058026888721,232.99383009111634,229.48769048234254,232.61424255371094,90152800,165.7090226252667,168.24320495243438,165.23012790175193,167.26544189453125,33135300,417.54278213072394,420.23736087052777,414.0198472532827,417.95196533203125,27691100
2024-11-26,233.07373841155265,235.31128373473052,233.07373841155265,234.8018341064453,45986200,167.24549839943876,169.43047745533647,167.19561004372002,168.73207092285156,20486700,418.75036014607525,428.18146205416855,418.01185069672323,427.133544921875,23458900
2024-11-27,234.21249554010248,235.43115689965902,233.55321672420507,234.67198181152344,33498400,168.61234397565445,169.09123867813173,167.6345961844918,168.84181213378906,19266500,424.2593075311874,426.37509083138485,421.17549451394376,422.1435546875,18332400
2024-11-29,234.55211454995276,237.5488197625333,233.71304074851764,237.06935119628906,28481400,168.1134894922982,169.0413489221372,166.7765668794217,168.5624542236328,14257200,419.24935840992123,424.0297817162198,416.9639323784013,422.61260986328125,16271900
2024-12-02,237.00941446483552,240.52553753151284,236.89953466637493,239.3268585205078,48137100,168.38287195306333,171.6852768885628,168.18333376692627,171.0966339111328,23789100,420.72641076442574,432.13353107658475,420.4669212999132,430.1175842285156,20207200
2024-12-03,239.54662188503684,242.49337894569658,238.6376176509325,242.3834991455078,38861000,171.0966407714524,172.28389835489799,170.45810941593857,170.9469757080078,22248700,428.9798333762607,431.60457529422956,426.88402964452257,430.3371276855469,18302000
2024-12-04,242.60325739533934,243.84190102311462,240.9850414761411,242.74310302734375,44383900,170.75740145903967,174.50878632573773,170.6676115592613,173.9700164794922,31615100,432.1634480898198,438.79017518476684,431.7642546343851,436.544677734375,26009400
2024-12-05,243.72204013219255,244.2714238935446,241.86408229295347,242.7730712890625,40033900,174.95776546503646,175.65615678272883,171.93471679976247,172.24400329589844,21356200,437.0436765362191,443.770179142923,435.2971785217715,441.7342529296875,21697800
2024-12-06,242.6432183998472,244.3613305629988,241.8141281502541,242.5732879638672,36870600,171.6354044780067,174.6784115765489,171.4657962428472,174.30926513671875,21462400,441.4148949698492,445.2073090094776,440.88595677867977,442.682373046875,18821000
2024-12-09,241.56440918324205,246.96847124510987,241.48449521514058,246.47900390625,44649200,173.75989224042516,176.05723424799297,173.45023604553785,175.1682586669922,25389600,441.7143023543043,447.4328163406456,439.6184986530788,445.12744140625,19144400
2024-12-10,246.61884065291167,247.93739821602466,245.0705399660552,247.4978790283203,36914800,182.6396622409938,186.14561898038454,180.8417298459591,184.9569854736328,54813000,443.500747434082,448.7202622082635,440.71632196493806,442.4428405761719,18469500
2024-12-11,247.68767076725757,250.52454792031958,245.98952569372008,246.2192840576172,45205800,185.0968273042346,195.3849818086967,184.637364997593,195.1752166748047,67894100,443.1614051498909,449.4488165759074,443.1614051498909,448.0915222167969,19200200
2024-12-12,246.61885092340057,248.46682524629017,245.41017310687806,247.68768310546875,32777500,194.77567768503926,194.9554633024938,191.48946911126617,191.7391815185547,34817500,448.2112581986308,455.24716851093444,448.2112581986308,448.6603698730469,20834800
2024-12-13,247.54782582286595,249.01619729452798,245.96955931284188,247.85748291015625,33155300,190.7902570178538,192.50827955283287,189.42183794011777,189.6016387939453,25143500,447.5426110314286,450.5266178755225,444.6883184556146,446.37493896484375,20177800
2024-12-16,247.71764416028498,251.10392039685559,247.3780059899919,250.7642822265625,51694800,192.648128127054,198.77108139081074,192.39841571324646,196.43377685546875,44934900,446.37494735046533,451.27512549789225,444.38893932865295,450.6863098144531,23598800
2024-12-17,249.80533943156328,253.5512208135588,249.50566587259755,253.20159912109375,51356400,197.02308705872431,201.18828813489583,194.7556941593745,195.1951904296875,43504000,450.10748972576295,454.3789237624039,448.67036888572403,453.5505676269531,22733500
2024-12-18,251.88305927654196,254.0007260278641,247.46791553993853,247.77757263183594,56774100,194.99541962680925,196.77337069091053,187.52402890568504,188.18325805664062,34166100,450.4168569277278,451.7441820228141,436.1454548251872,436.5147399902344,24444500
2024-12-19,247.22817727073837,251.72323503929724,246.81862390484895,249.51565551757812,60882300,191.40955777871685,192.8079411518366,188.16329650997008,188.2931365966797,32265200,440.73626782337294,442.29314366547726,435.4468858542376,436.15545654296875,22963700
2024-12-20,247.76758181309805,254.71994465608725,245.42017186050566,254.21051025390625,147495300,185.56627599656574,192.66809720587494,185.00692266360085,191.18980407714844,63462900,432.2432815476765,442.85201454579715,427.7722660445124,435.726318359375,64263700
2024-12-23,254.49020366493687,255.36922684225433,253.17164603591402,254.98965454101562,40858800,192.3984151157297,194.87557322669755,189.93125525567427,194.40611267089844,25675000,435.86603695951885,436.7742196281346,431.96385754199804,434.3790283203125,19152500
2024-12-24,255.2094124344067,257.92641115938613,255.0096198916901,257.91644287109375,23234700,194.61585613024195,195.8843994140625,193.55707797257898,195.8843994140625,10403300,433.7802087154167,438.7203153724094,433.32113775673025,438.4508361816406,7164500
2024-12-26,257.90642916266114,259.81433504408284,257.34704665632455,258.7355041503906,27237100,194.92550545907343,196.52367101490134,194.1564021929594,195.375,12046600,438.20133650274425,440.0576302640168,435.7562575113133,437.2332763671875,8194200
2024-12-27,257.54682582842287,258.41589596104086,252.78207543596488,255.30929565429688,42355300,194.72573696465102,195.09532170060632,190.43068040496257,192.5382537841797,18891400,433.73031978660106,434.3490742197977,425.49682901810996,429.66845703125,18117700
2024-12-30,251.95298524244893,253.22159473829512,250.47461491371794,251.9230194091797,35557500,189.58165840021294,192.32849481864238,188.90243274221342,191.02000427246094,14264700,425.2074080072107,426.6944166190143,421.05572893712207,423.9798583984375,13158700
2024-12-31,252.16275955239965,253.00183336212825,249.15605553782555,250.1449737548828,39480700,190.8601960597075,191.73918864322025,188.29314510160168,189.08224487304688,17466900,425.24732556190753,425.8760697244736,419.81820926028456,420.6565246582031,13246500
2025-01-02,248.65660659999048,248.826433311358,241.55442975303322,243.5821990966797,55740700,190.43067970164262,191.7791328258186,187.2843094002135,189.2120819091797,20370800,424.67847521686525,425.2174031564215,414.01985416103116,417.74237060546875,16896500
2025-01-03,243.0927276611328,243.91181916074598,241.624340886356,243.0927276611328,40244100,191.14985143368122,192.9877463613902,189.76145103861666,191.56936645507812,18596200,420.2373611517797,423.1814700735548,418.7004647827294,422.5028381347656,16662900
2025-01-06,244.04168187374515,247.05836939894766,242.93290033169586,244.73092651367188,45045600,193.75684931380115,197.99197728329852,193.6270092243641,196.64352416992188,29563600,427.1435291929144,433.450889550372,424.6285829292995,426.99383544921875,20573600
2025-01-07,242.71314361950866,245.28032844029428,241.08494412707995,241.94400024414062,40856000,196.8832529983184,200.7687774852745,194.37614589069548,195.26512145996094,26487200,428.1415176926379,429.7882097463078,419.957914728963,421.5247802734375,18139100
2025-01-08,241.65429905026372,243.44234164075266,239.78635773622742,242.43344116210938,37628900,192.3484808074723,196.06418741382137,192.1586969389352,193.7268829345703,24864800,422.61261379874435,426.11559975123726,420.69647292951623,423.7104187011719,15054600
2025-01-10,239.7463920626497,239.8962364632009,232.74409661721964,236.58987426757812,61710900,194.07648645979594,196.29393386115163,190.09107094303815,191.81907653808594,26665200,423.7802594986814,423.86008600637365,414.1894746460312,418.11163330078125,20201100
2025-01-13,233.27352322575203,234.41227060505477,229.46771001708314,234.14256286621094,49630700,189.8513620671916,190.96007055747594,187.14447278422705,190.79026794433594,21823700,414.4090535363967,417.66253969684465,411.4649750549722,416.35516357421875,17604800
2025-01-14,234.49217517741417,235.8606656353981,232.21468051006943,233.02378845214844,39435300,191.02000242961614,191.75914137705388,188.0933651847724,189.4418182373047,17174900,416.9739281792526,418.9000587938386,409.89811945983064,414.8382263183594,16935900
2025-01-15,234.38230107288462,238.6975638581554,234.17252500331003,237.60874938964844,39832000,192.8678659974796,196.1341084636535,191.6392852545324,195.32504272460938,21776000,418.29128437786517,427.29322350331137,417.4329894853562,425.4569091796875,19637800
2025-01-16,237.089336348529,237.74859991927732,227.7795647267042,228.00930786132812,71759100,193.91666057341888,195.2551153784116,192.58818877757312,192.68807983398438,17815400,427.84212760615685,428.6305247845027,423.5407549144398,423.7303466796875,15300000
2025-01-17,231.86506609768284,232.03487756376998,228.22906438809179,229.7274169921875,68488300,196.3039099407615,197.00310160992169,193.52710928235737,195.77452087402344,27735100,433.22135040368397,433.61058460419247,427.31321381371214,428.1714782714844,26197500
2025-01-21,223.75398423747347,224.17352112887505,219.13906319002535,222.39547729492188,98070400,198.84100497169504,202.05728678766425,197.6423732117847,197.82217407226562,29971300,429.33912735658424,430.03770829379437,424.7483264493822,427.64251708984375,26085700
2025-01-22,219.54859611049605,223.87384226456615,219.54859611049605,223.58416748046875,64126500,198.83100862292844,200.24937329507208,197.30276987978317,198.1417999267578,26200600,436.68440364505375,446.37496460039233,435.1275277712005,445.30712890625,27803800
2025-01-23,224.493183388126,226.78066167492807,222.05586069453574,223.41436767578125,60234800,197.91206263871854,200.06958147081755,194.97544232412307,197.7522430419922,26951400,441.1155043659929,445.85599903960934,440.61650492666485,445.8160705566406,18389300
2025-01-24,224.53312753788666,225.38220009721186,221.16683361690275,222.5353240966797,54697900,197.87211722888603,200.66888399183227,197.77222616967978,199.9796905517578,23877500,444.2691915941594,445.7562002010948,440.5167060042179,443.17138671875,15549500
2025-01-27,223.77396171163917,231.89502211760887,223.73399710835045,229.6075439453125,94863400,192.18865606918456,196.65351502081776,190.5105808080997,191.58934020996094,41728900,423.16152296669173,434.32913308449037,422.6525337820519,433.6903991699219,35647800
2025-01-28,230.59647127201654,239.9262098046868,230.55650666713984,237.99832153320312,75707600,192.52826307792662,195.2551182563093,190.4606370613745,195.07533264160156,24157900,433.73032267022137,447.4827461239755,430.51676503368185,446.30511474609375,23491700
2025-01-29,233.86287156365174,239.5965730646729,233.75299176206667,239.0971221923828,45486100,195.33503253066368,196.5636133163606,193.20747792712066,195.18521118164062,18218300,445.79611510422404,445.98573732495043,439.51869372032735,441.44482421875,23581400
2025-01-30,238.40787147181928,240.52553823889048,236.94948349745044,237.3290557861328,55658300,197.7722225159478,201.16830508891937,197.44260031613962,200.638916015625,24354700,417.9319804505241,422.0137922192137,412.33322134699057,414.1595458984375,54586300
2025-01-31,246.91852728753366,246.91852728753366,233.18362815459494,235.74081420898438,101075100,201.76762828746982,205.24362078448016,201.56786140671954,203.78530883789062,32042000,418.141600337115,419.84816997012905,414.0797374049759,414.22943115234375,34223400
2025-02-03,229.73741895869952,231.5753945205246,225.45212191586603,227.75958251953125,73063300,200.45913255035472,203.5156099470352,199.8698149328218,200.99850463867188,27838300,410.7763492208031,414.57872255523336,407.8422300476431,410.09771728515625,25679100
2025-02-04,227.00041910872287,232.87396618357337,226.40107197135944,232.54432678222656,45067300,203.15602747619252,206.81182081300247,202.57669285659674,206.14259338378906,43856400,411.86416676091864,413.09171636714575,408.9200578355856,411.5447998046875,20532100
2025-02-05,228.27901582634638,232.4144684638066,228.0193068583431,232.21469116210938,39620300,190.85021363044225,192.52827375908595,187.81370210065404,191.1099090576172,70373900,411.5248607564065,413.0018796658512,409.5787506797878,412.4629821777344,16316700
2025-02-06,231.0359788855247,233.54323203112875,230.17692277145878,232.9638671875,29925300,189.28200260132084,191.87901770448227,188.50290111861952,191.3795928955078,29297400,413.1715497090401,417.36315732347487,413.1715497090401,414.9879150390625,16309800
2025-02-07,232.3445476829273,233.74300400322835,227.0104008794231,227.3800048828125,39707200,190.83022332592188,190.9600634127379,183.02921021692137,185.1267852783203,49315000,415.6465973451397,417.8122379259866,407.2833615993766,408.9300537109375,22886800
2025-02-10,229.57000732421875,230.58999633789062,227.1999969482422,227.64999389648438,33115600,187.1344857224474,187.98349876976383,185.64619427540677,186.2554931640625,23105600,412.8821197108573,414.62861779989964,410.0977246861568,411.3951110839844,20817900
2025-02-11,228.1999969482422,235.22999572753906,228.1300048828125,232.6199951171875,53718400,184.81715184499055,186.72495835838524,184.06801459806726,185.10682678222656,21239500,408.8202828688126,411.6645553606299,408.48093644203584,410.6166687011719,18140600
2025-02-12,231.1999969482422,236.9600067138672,230.67999267578125,236.8699951171875,45243300,183.0092376906385,184.8970629566076,181.62083725948915,183.39878845214844,22072600,406.3951110778186,409.92803560329327,403.56079794352274,408.2214660644531,19121700
2025-02-13,236.91000366210938,242.33999633789062,235.57000732421875,241.52999877929688,53614100,184.10797436946572,186.06571114375504,182.9293238598035,185.92587280273438,21402500,406.185550721702,410.17754630619044,405.54681680905935,409.7184753417969,23891700
2025-02-14,241.25,245.5500030517578,240.99000549316406,244.60000610351562,40896200,184.8471041355986,186.1855589387927,184.1079651875959,185.01690673828125,20448400,406.9739674594389,408.0917213200678,405.06778596420224,407.6126708984375,22758500
2025-02-18,244.14999389648438,245.17999267578125,241.83999633789062,244.47000122070312,48822500,185.386490331916,185.74607679460826,181.5309302979739,183.55859375,29916700,407.18354917543536,409.7783523938356,405.6865508328786,408.8202819824219,21423100
2025-02-19,244.66000366210938,246.00999450683594,243.16000366210938,244.8699951171875,32204200,183.8582530360721,185.246653369277,183.3787942547783,185.05686950683594,19549400,407.06380569744374,414.6585628844229,406.8342549807474,413.94000244140625,24114200
2025-02-20,244.94000244140625,246.77999877929688,244.2899932861328,245.8300018310547,32316900,184.58741616756504,185.09682399614678,182.5098070913863,184.34768676757812,20441500,415.2900085449219,419.30999755859375,412.5400085449219,416.1300048828125,23508700
2025-02-21,245.9499969482422,248.69000244140625,245.22000122070312,245.5500030517578,53197400,184.93699793129608,185.12678179449694,178.87398876546825,179.4533233642578,35199200,417.3399963378906,418.04998779296875,407.8900146484375,408.2099914550781,27524800
2025-02-24,244.92999267578125,248.86000061035156,244.4199981689453,247.10000610351562,51326400,181.78064614487357,182.90933584096624,178.68420625509464,179.04379272460938,29854200,408.510009765625,409.3699951171875,399.32000732421875,404.0,26443700
2025-02-25,248.0,250.0,244.91000366210938,247.0399932861328,48013300,177.8351818432405,178.53438877889693,174.48904471950055,175.21820068359375,41913400,401.1000061035156,401.9200134277344,396.70001220703125,397.8999938964844,29387400
2025-02-26,244.3300018310547,244.97999572753906,239.1300048828125,240.36000061035156,44433600,174.8686155406987,175.87744820035027,171.38262477536554,172.5312957763672,35431300,398.010009765625,403.6000061035156,394.25,399.7300109863281,19619000
2025-02-27,239.41000366210938,242.4600067138672,237.05999755859375,237.3000030517578,41153600,173.78985771928288,174.3591940996765,167.746814231894,168.30616760253906,39991000,401.2699890136719,405.739990234375,392.1700134277344,392.5299987792969,21127400
2025-02-28,236.9499969482422,242.08999633789062,230.1999969482422,241.83999633789062,56833400,168.48594100971005,170.41372863795183,166.5781498819881,170.0841064453125,48130600,392.6600036621094,397.6300048828125,386.57000732421875,396.989990234375,32845700
2025-03-03,241.7899932861328,244.02999877929688,236.11000061035156,238.02999877929688,47184000,171.7322094406985,173.17055534541237,165.73911166521458,166.81787109375,40770500,398.82000732421875,398.82000732421875,386.1600036621094,388.489990234375,23007700
2025-03-04,237.7100067138672,240.07000732421875,234.67999267578125,235.92999267578125,53798100,166.04876455679425,173.09064211021553,165.60926829005186,170.72337341308594,45388000,383.3999938964844,392.5799865722656,381.0,388.6099853515625,29342900
2025-03-05,235.4199981689453,236.5500030517578,229.22999572753906,235.74000549316406,47227600,170.32384453302183,173.58008886593674,168.86551735545183,172.8209686279297,30954900,389.3399963378906,401.6700134277344,388.80999755859375,401.0199890136719,23433100
2025-03-06,234.44000244140625,237.86000061035156,233.16000366210938,235.3300018310547,45170400,170.33381982392953,174.60889486138916,170.30385555544734,172.1517333984375,28302000,394.2799987792969,402.1499938964844,392.67999267578125,396.8900146484375,23304600
2025-03-07,235.11000061035156,241.3699951171875,234.75999450683594,239.07000732421875,46273600,171.06298843219486,174.76872740179581,170.07413701655315,173.66000366210938,27385800,392.32000732421875,394.79998779296875,385.5400085449219,393.30999755859375,22034100
2025-03-10,235.5399932861328,236.16000366210938,224.22000122070312,227.47999572753906,72071200,168.25999450683594,168.4600067138672,163.69000244140625,165.8699951171875,43604000,385.8399963378906,386.3999938964844,377.2200012207031,380.1600036621094,32840100
2025-03-11,223.80999755859375,225.83999633789062,217.4499969482422,220.83999633789062,76137400,164.91000366210938,166.75,161.3699951171875,164.0399932861328,39587400,379.0,386.0,376.9100036621094,380.45001220703125,30380200
2025-03-12,220.13999938964844,221.75,214.91000366210938,216.97999572753906,62547500,166.5800018310547,167.63999938964844,163.52999877929688,167.11000061035156,28372400,382.95001220703125,385.2200012207031,378.95001220703125,383.2699890136719,24253600
2025-03-13,215.9499969482422,216.83999633789062,208.4199981689453,209.67999267578125,61368300,166.0399932861328,166.1300048828125,162.11000061035156,162.75999450683594,31756200,383.1600036621094,385.32000732421875,377.45001220703125,378.7699890136719,20473000
2025-03-14,211.25,213.9499969482422,209.5800018310547,213.49000549316406,60107600,163.27000427246094,166.49000549316406,162.4499969482422,165.49000549316406,31995900,379.7799987792969,390.2300109863281,379.510009765625,388.55999755859375,19952800
2025-03-17,213.30999755859375,215.22000122070312,209.97000122070312,214.0,48073400,165.02999877929688,166.3000030517578,163.6699981689453,164.2899932861328,31184300,386.70001220703125,392.7099914550781,385.57000732421875,388.70001220703125,22474300
2025-03-18,214.16000366210938,215.14999389648438,211.49000549316406,212.69000244140625,42432400,163.67999267578125,164.25,156.72000122070312,160.6699981689453,42074800,387.07000732421875,387.3699951171875,381.1000061035156,383.5199890136719,19486900
2025-03-19,214.22000122070312,218.75999450683594,213.75,215.24000549316406,54385400,161.75999450683594,165.8699951171875,161.0,163.88999938964844,34275600,385.5299987792969,389.67999267578125,384.0,387.82000732421875,19185500
2025-03-20,213.99000549316406,217.49000549316406,212.22000122070312,214.10000610351562,48862900,161.57000732421875,164.88999938964844,160.9600067138672,162.8000030517578,28138500,385.739990234375,391.7900085449219,383.2799987792969,386.8399963378906,18470500
2025-03-21,211.55999755859375,218.83999633789062,211.27999877929688,218.27000427246094,94127800,161.2100067138672,164.24000549316406,160.88999938964844,163.99000549316406,36625800,383.2200012207031,391.739990234375,382.79998779296875,391.260009765625,39675900
2025-03-24,221.0,221.47999572753906,218.5800018310547,220.72999572753906,44299500,167.07000732421875,168.32000732421875,165.13999938964844,167.67999267578125,30879100,395.3999938964844,395.3999938964844,389.80999755859375,393.0799865722656,21004500
2025-03-25,220.77000427246094,224.10000610351562,220.0800018310547,223.75,34493600,168.97999572753906,170.6300048828125,168.32000732421875,170.55999755859375,24174400,393.9200134277344,396.3599853515625,392.6400146484375,395.1600036621094,15775000
2025-03-26,223.50999450683594,225.02000427246094,220.47000122070312,221.52999877929688,34466100,169.0,169.61000061035156,164.83999633789062,165.05999755859375,28901600,395.0,395.30999755859375,388.57000732421875,389.9700012207031,16108400
2025-03-27,221.38999938964844,224.99000549316406,220.55999755859375,223.85000610351562,37094800,164.6300048828125,165.4199981689453,162.0,162.24000549316406,24508300,390.1300048828125,392.239990234375,387.3999938964844,390.5799865722656,13766800
2025-03-28,221.6699981689453,223.80999755859375,217.67999267578125,217.89999389648438,39818600,160.49000549316406,161.82000732421875,153.6300048828125,154.3300018310547,48669300,388.0799865722656,389.1300048828125,376.92999267578125,378.79998779296875,21632000
2025-03-31,217.00999450683594,225.6199951171875,216.22999572753906,222.1300048828125,65299300,153.11000061035156,155.5399932861328,150.66000366210938,154.63999938964844,54603500,372.5400085449219,377.07000732421875,367.239990234375,375.3900146484375,35184700
2025-04-01,219.80999755859375,223.67999267578125,218.89999389648438,223.19000244140625,36412700,153.6199951171875,158.10000610351562,153.6199951171875,157.07000732421875,30672900,374.6499938964844,382.8500061035156,373.2300109863281,382.19000244140625,19689500
2025-04-02,221.32000732421875,225.19000244140625,221.02000427246094,223.88999938964844,35905900,155.14999389648438,158.41000366210938,154.6999969482422,157.0399932861328,25041700,377.9700012207031,385.0799865722656,376.6199951171875,382.1400146484375,16092600
2025-04-03,205.5399932861328,207.49000549316406,201.25,203.19000244140625,103419000,151.11000061035156,152.77999877929688,150.38999938964844,150.72000122070312,46883400,374.7900085449219,377.4800109863281,369.3500061035156,373.1099853515625,30198000
2025-04-04,193.88999938964844,199.8800048828125,187.33999633789062,188.3800048828125,125910900,148.00999450683594,151.07000732421875,145.3800048828125,145.60000610351562,62259500,364.1300048828125,374.5899963378906,359.4800109863281,359.8399963378906,49209900
2025-04-07,177.1999969482422,194.14999389648438,174.6199951171875,181.4600067138672,160466300,141.5500030517578,152.85000610351562,140.52999877929688,146.75,76794100,350.8800048828125,371.0,344.7900085449219,357.8599853515625,50425000
2025-04-08,186.6999969482422,190.33999633789062,169.2100067138672,172.4199981689453,120859500,151.22000122070312,152.24000549316406,143.02999877929688,144.6999969482422,52200200,368.260009765625,373.6499938964844,350.25,354.55999755859375,35868900
2025-04-09,171.9499969482422,200.61000061035156,171.88999938964844,198.85000610351562,184395900,144.4199981689453,159.5500030517578,143.91000366210938,158.7100067138672,70406200,353.5400085449219,393.2300109863281,353.1000061035156,390.489990234375,50199700
2025-04-10,189.07000732421875,194.77999877929688,183.0,190.4199981689453,121880000,156.5399932861328,157.72000122070312,149.92999267578125,152.82000732421875,48022000,382.05999755859375,383.8999938964844,367.79998779296875,381.3500061035156,38024400
2025-04-11,186.10000610351562,199.5399932861328,186.05999755859375,198.14999389648438,87300000,152.89999389648438,157.6699981689453,152.82000732421875,157.13999938964844,33595900,380.6400146484375,390.04998779296875,378.8900146484375,388.45001220703125,23828700
